Workbook
Name DataDate: [1]OfDates!$B$2
Name DataWuenic: [1]OfDates!$B$4
Name DataYear: [1]OfDates!$B$6
Name DDL_Private: [2]drop_down_lists!$G$60:$G$63
Name DDL_target_group: [3]drop_down_lists!$G$3:$G$4
Name DDL_target_group_vitA: [3]drop_down_lists!$G$7:$G$10
Name DDL_target_TT: [3]drop_down_lists!$G$12:$G$13
Name DDL_yes_no_NR_ND: [2]drop_down_lists!$F$33:$F$36
Name Filename: [4]drop_down_lists!$H$3
Name Usys_Xprt_IndicatorTextT: #REF!
Name WHOUNICEF_MCV1: #REF!
Name WHOUNICEF_MCV2: #REF!
Name world_whounicef: #REF!
Name zCountryProfile_ScheduleT_2003: #REF!

Sheet TOC
A1: Table of contents
A3: 1 | B3: Overview of key demand forecasting assumptions including MR-MAP country grouping, introduction dates for four scenarios, WB income classification.
A4: 2 | B4: Target population data
A5: 2a | B5: Surviving infant population
A6: 2b | B6: 2 year old population
A7: 2c | B7: Under 2 year old population
A8: 2d | B8: % of under 2 year old population to total population (defined as to 65 years of age)
A9: 2e | B9: 2 to 15 years old poplation
A10: 2f | B10: % of under 2 to 15 year old population to total population (defined as to 65 years of age)
A11: 2g | B11: Under 5 year old population
A12: 3 | B12: Hard-to-Reach and MOV populations
A13: 3a | B13: Pecentage of MOVs occurring at 2 years old
A14: 3b | B14: Security compromised population
A15: 3c | B15: Rural population
A16: 3d | B16: Percentage of remote rural population to total rural population
A17: 3e | B17: Slum population
A18: 4 | B18: Coverage assumptions
A19: 4a | B19: Forecasted MCV1 estimates
A20: 4b | B20: Forecasted MCV2 estimates
A21: 4c | B21: Percentage of hard to reach and MOV populations that are under 2 years of age and being reached by a MR-MAP but not by a N/S presentation
A22: 4d | B22: Percentage of hard to reach populations that are betwee 2 to 15 years of age and being reached by a MR-MAP but not by a N/S presentation
A23: 5 | B23: Wastage rates for N/S and routine administration
A24: 6 | B24: Assumptions related to the dimensions of the MR-MAP Use Cases
A25: 6a | B25: Percentage of doses administered at a fixed post during routine imminuzation
A26: 6b | B26: Percentage of doses administered at a fixed post during SIA
A27: 6c | B27: Ratio of CHW to HW
A28: 7 | B28: Market penetration assumptions
A29: 7a | B29: MR-MAP UC1 Market penetration
A30: 7b | B30: MR-MAP UC2 Market penetration
A31: 7c | B31: MR-MAP UC3&4 Market penetration
A32: 8 | B32: Data utilized to estimate country adoption year of MR-MAPs
A33: 8a | B33: Historical introduction dates for MCV2, rubella, pneumococcal conjugate, rotavirus, and human papillomavirus vaccines
A34: 8b | B34: Total disease burden of measles and rubella (2019 reported annual cases and deaths of measles, 2019 measles incidence rate, and 2010 number of estimated rubella cases
A35: 8c | B35: The percentage of total expenditure on vaccines funded by the government (%) for the last available year or the forecasted Gavi eligibility status in 2030
A36: 8d | B36: Calculation for adoption dates for S1- Base scenario
A37: 8e | B37: Calculation for adoption dates for S3- Countries in greatest need intro dates

Sheet 1. Overview
A1: Overview of Country Assumptions
A4: Country | B4: ISO code | C4: WHO | D4: WB Group (June 2020) | E4: MR MAP Group | F4: Scenario 1: Base | G4: Scenario 2: regional pilots | H4: Scenario 3: countries with greatest need introduce first
A5: Afghanistan | B5: AFG | C5: EMRO | D5: Low income | E5: Key | F5: 2033 | G5: 2034 | H5: 2033
A6: Albania | B6: ALB | C6: EURO | D6: Upper middle income | E6: 1 | F6: 2036 | G6: 2036 | H6: 2035
A7: Algeria | B7: DZA | C7: AFRO | D7: Lower middle income | E7: 2 | F7: 2032 | G7: 2033 | H7: 2034
A8: Andorra | B8: AND | C8: EURO | D8: High income | E8: 1 | F8: 2039 | G8: 2039 | H8: 2039
A9: Angola | B9: AGO | C9: AFRO | D9: Lower middle income | E9: 3 | F9: 2033 | G9: 2033 | H9: 2030
A10: Antigua And Barbuda | B10: ATG | C10: PAHO | D10: High income | E10: 1 | F10: 2040 | G10: 2040 | H10: 2042
A11: Argentina | B11: ARG | C11: PAHO | D11: Upper middle income | E11: 1 | F11: 2037 | G11: 2938 | H11: 2039
A12: Armenia | B12: ARM | C12: EURO | D12: Upper middle income | E12: 1 | F12: 2040 | G12: 2040 | H12: 2040
A13: Australia | B13: AUS | C13: WPRO | D13: High income | E13: 1 | F13: 2031 | G13: 2031 | H13: 2033
A14: Austria | B14: AUT | C14: EURO | D14: High income | E14: 1 | F14: 2030 | G14: 2030 | H14: 2031
A15: Azerbaijan | B15: AZE | C15: EURO | D15: Upper middle income | E15: 1 | F15: 2038 | G15: 2038 | H15: 2039
A16: Bahamas | B16: BHS | C16: PAHO | D16: High income | E16: 1 | F16: 2037 | G16: 2938 | H16: 2040
A17: Bahrain | B17: BHR | C17: EMRO | D17: High income | E17: 1 | F17: 2034 | G17: 2034 | H17: 2037
A18: Bangladesh | B18: BGD | C18: SEARO | D18: Lower middle income | E18: Key | F18: 2034 | G18: 2034 | H18: 2034
A19: Barbados | B19: BRB | C19: PAHO | D19: High income | E19: 1 | F19: 2039 | G19: 2039 | H19: 2038
A20: Belarus | B20: BLR | C20: EURO | D20: Upper middle income | E20: 2 | F20: 2039 | G20: 2039 | H20: 2037
A21: Belgium | B21: BEL | C21: EURO | D21: High income | E21: 1 | F21: 2030 | G21: 2030 | H21: 2033
A22: Belize | B22: BLZ | C22: PAHO | D22: Upper middle income | E22: 1 | F22: 2040 | G22: 2040 | H22: 2041
A23: Benin | B23: BEN | C23: AFRO | D23: Lower middle income | E23: 3 | F23: 2031 | G23: 2033 | H23: 2033
A24: Bhutan | B24: BTN | C24: SEARO | D24: Lower middle income | E24: 2 | F24: 2041 | G24: 2041 | H24: 2040
A25: Bolivia | B25: BOL | C25: PAHO | D25: Lower middle income | E25: 2 | F25: 2042 | G25: 2042 | H25: 2041
A26: Bosnia and Herzegovina | B26: BIH | C26: EURO | D26: Upper middle income | E26: 1 | F26: 2032 | G26: 2032 | H26: 2031
A27: Botswana | B27: BWA | C27: AFRO | D27: Upper middle income | E27: 2 | F27: 2035 | G27: 2035 | H27: 2037
A28: Brazil | B28: BRA | C28: PAHO | D28: Upper middle income | E28: Key | F28: 2036 | G28: 2036 | H28: 2037
A29: Brunei Darussalam | B29: BRN | C29: WPRO | D29: High income | E29: 1 | F29: 2038 | G29: 2038 | H29: 2040
A30: Bulgaria | B30: BGR | C30: EURO | D30: Upper middle income | E30: 1 | F30: 2034 | G30: 2034 | H30: 2035
A31: Burkina Faso | B31: BFA | C31: AFRO | D31: Low income | E31: 3 | F31: 2033 | G31: 2033 | H31: 2030
A32: Burundi | B32: BDI | C32: AFRO | D32: Low income | E32: 3 | F32: 2033 | G32: 2033 | H32: 2032
A33: Cambodia | B33: KHM | C33: WPRO | D33: Lower middle income | E33: 4 | F33: 2037 | G33: 2037 | H33: 2032
A34: Cameroon | B34: CMR | C34: AFRO | D34: Lower middle income | E34: 3 | F34: 2031 | G34: 2031 | H34: 2032
A35: Canada | B35: CAN | C35: PAHO | D35: High income | E35: 1 | F35: 2033 | G35: 2033 | H35: 2037
A36: Cape Verde | B36: CPV | C36: AFRO | D36: Lower middle income | E36: 2 | F36: 2037 | G36: 2037 | H36: 2034
A37: Central African Republic | B37: CAF | C37: AFRO | D37: Low income | E37: 3 | F37: 2034 | G37: 2034 | H37: 2032
A38: Chad | B38: TCD | C38: AFRO | D38: Low income | E38: Key | F38: 2032 | G38: 2033 | H38: 2031
A39: Chile | B39: CHL | C39: PAHO | D39: High income | E39: 2 | F39: 2035 | G39: 2035 | H39: 2036
A40: China | B40: CHN | C40: WPRO | D40: Upper middle income | E40: 1 | F40: 2030 | G40: 2030 | H40: 2033
A41: Colombia | B41: COL | C41: PAHO | D41: Upper middle income | E41: 2 | F41: 2035 | G41: 2035 | H41: 2037
A42: Comoros | B42: COM | C42: AFRO | D42: Lower middle income | E42: 3 | F42: 2037 | G42: 2037 | H42: 2037
A43: Congo | B43: COG | C43: AFRO | D43: Lower middle income | E43: 3 | F43: 2032 | G43: 2033 | H43: 2032
A44: Cook Islands | B44: COK | C44: WPRO | D44: #N/A | E44: 1 | F44: 2040 | G44: 2040 | H44: 2037
A45: Costa Rica | B45: CRI | C45: PAHO | D45: Upper middle income | E45: 2 | F45: 2039 | G45: 2039 | H45: 2040
A46: Côte d'Ivoire | B46: CIV | C46: AFRO | D46: Lower middle income | E46: 3 | F46: 2036 | G46: 2036 | H46: 2031
A47: Croatia | B47: HRV | C47: EURO | D47: High income | E47: 1 | F47: 2038 | G47: 2038 | H47: 2039
A48: Cuba | B48: CUB | C48: PAHO | D48: Upper middle income | E48: 1 | F48: 2040 | G48: 2040 | H48: 2039
A49: Cyprus | B49: CYP | C49: EURO | D49: High income | E49: 1 | F49: 2033 | G49: 2033 | H49: 2034
A50: Czech Republic | B50: CZE | C50: EURO | D50: High income | E50: 1 | F50: 2032 | G50: 2032 | H50: 2034
A51: Democratic Peoples Republic of Korea | B51: PRK | C51: SEARO | D51: Low income | E51: 4 | F51: 2039 | G51: 2039 | H51: 2039
A52: Democratic Republic of the Congo | B52: COD | C52: AFRO | D52: Low income | E52: Key | F52: 2032 | G52: 2033 | H52: 2030
A53: Denmark | B53: DNK | C53: EURO | D53: High income | E53: 1 | F53: 2035 | G53: 2035 | H53: 2035
A54: Djibouti | B54: DJI | C54: EMRO | D54: Lower middle income | E54: 3 | F54: 2040 | G54: 2040 | H54: 2037
A55: Dominica | B55: DOM | C55: PAHO | D55: Upper middle income | E55: 2 | F55: 2041 | G55: 2041 | H55: 2040
A56: Dominican Republic | B56: DOM | C56: PAHO | D56: Upper middle income | E56: 2 | F56: 2041 | G56: 2041 | H56: 2041
A57: Ecuador | B57: ECU | C57: PAHO | D57: Upper middle income | E57: 2 | F57: 2040 | G57: 2040 | H57: 2041
A58: Egypt | B58: EGY | C58: EMRO | D58: Lower middle income | E58: 2 | F58: 2038 | G58: 2038 | H58: 2035
A59: El Salvador | B59: SLV | C59: PAHO | D59: Lower middle income | E59: 1 | F59: 2041 | G59: 2041 | H59: 2040
A60: Equatorial Guinea | B60: GNQ | C60: AFRO | D60: Upper middle income | E60: 3 | F60: 2035 | G60: 2035 | H60: 2036
A61: Eritrea | B61: ERI | C61: AFRO | D61: Low income | E61: 3 | F61: 2038 | G61: 2038 | H61: 2037
A62: Estonia | B62: EST | C62: EURO | D62: High income | E62: 1 | F62: 2038 | G62: 2038 | H62: 2040
A63: Ethiopia | B63: ETH | C63: AFRO | D63: Low income | E63: Key | F63: 2033 | G63: 2033 | H63: 2033
A64: Fiji | B64: FJI | C64: WPRO | D64: Upper middle income | E64: 4 | F64: 2034 | G64: 2034 | H64: 2036
A65: Finland | B65: FIN | C65: EURO | D65: High income | E65: 1 | F65: 2035 | G65: 2035 | H65: 2039
A66: France | B66: FRA | C66: EURO | D66: High income | E66: 1 | F66: 2030 | G66: 2030 | H66: 2034
A67: Gabon | B67: GAB | C67: AFRO | D67: Upper middle income | E67: 3 | F67: 2035 | G67: 2035 | H67: 2036
A68: Gambia | B68: GMB | C68: AFRO | D68: Low income | E68: 3 | F68: 2035 | G68: 2035 | H68: 2036
A69: Georgia | B69: GEO | C69: EURO | D69: Upper middle income | E69: 1 | F69: 2037 | G69: 2037 | H69: 2034
A70: Germany | B70: DEU | C70: EURO | D70: High income | E70: 1 | F70: 2030 | G70: 2030 | H70: 2035
A71: Ghana | B71: GHA | C71: AFRO | D71: Lower middle income | E71: 3 | F71: 2032 | G71: 2033 | H71: 2032
A72: Greece | B72: GRC | C72: EURO | D72: High income | E72: 1 | F72: 2031 | G72: 2032 | H72: 2032
A73: Grenada | B73: GRD | C73: PAHO | D73: Upper middle income | E73: 1 | F73: 2041 | G73: 2041 | H73: 2040
A74: Guatemala | B74: GTM | C74: PAHO | D74: Upper middle income | E74: 1 | F74: 2040 | G74: 2040 | H74: 2041
A75: Guinea | B75: GIN | C75: AFRO | D75: Low income | E75: 3 | F75: 2034 | G75: 2034 | H75: 2031
... A81: Iceland | B81: ISL | C81: EURO | D81: High income | E81: 1 | F81: 2035 | G81: 2035 | H81: 2036
A82: India | B82: IND | C82: SEARO | D82: Lower middle income | E82: Key | F82: 2035 | G82: 2035 | H82: 2030
A83: Indonesia | B83: IDN | C83: SEARO | D83: Upper middle income | E83: Key | F83: 2033 | G83: 2033 | H83: 2030
A84: Iran, Islamic Republic of | B84: IRN | C84: EMRO | D84: Upper middle income | E84: 2 | F84: 2036 | G84: 2036 | H84: 2035
A85: Iraq | B85: IRQ | C85: EMRO | D85: Upper middle income | E85: 2 | F85: 2030 | G85: 2030 | H85: 2031
A86: Ireland | B86: IRL | C86: EURO | D86: High income | E86: 1 | F86: 2030 | G86: 2030 | H86: 2032
A87: Israel | B87: ISR | C87: EURO | D87: High income | E87: 1 | F87: 2031 | G87: 2032 | H87: 2033
A88: Italy | B88: ITA | C88: EURO | D88: High income | E88: 1 | F88: 2030 | G88: 2032 | H88: 2031
A89: Jamaica | B89: JAM | C89: PAHO | D89: Upper middle income | E89: 1 | F89: 2041 | G89: 2041 | H89: 2041
A90: Japan | B90: JPN | C90: WPRO | D90: High income | E90: 4 | F90: 2031 | G90: 2031 | H90: 2031
A91: Jordan | B91: JOR | C91: EMRO | D91: Upper middle income | E91: 2 | F91: 2034 | G91: 2034 | H91: 2035
A92: Kazakhstan | B92: KAZ | C92: EURO | D92: Upper middle income | E92: 2 | F92: 2034 | G92: 2034 | H92: 2037
A93: Kenya | B93: KEN | C93: AFRO | D93: Lower middle income | E93: 3 | F93: 2036 | G93: 2036 | H93: 2032
A94: Kiribati | B94: KIR | C94: WPRO | D94: Lower middle income | E94: 4 | F94: 2040 | G94: 2040 | H94: 2039
A95: Korea, Republic of | B95: KOR | C95: WPRO | D95: High income | E95: 1 | F95: 2037 | G95: 2037 | H95: 2038
... A122: Morocco | B122: MAR | C122: EMRO | D122: Lower middle income | E122: 3 | F122: 2033 | G122: 2034 | H122: 2034
A123: Mozambique | B123: MOZ | C123: AFRO | D123: Low income | E123: Key | F123: 2034 | G123: 2034 | H123: 2031
A124: Myanmar | B124: MMR | C124: SEARO | D124: Lower middle income | E124: 4 | F124: 2036 | G124: 2036 | H124: 2035
A125: Namibia | B125: NAM | C125: AFRO | D125: Upper middle income | E125: 3 | F125: 2037 | G125: 2037 | H125: 2039
A126: Nauru | B126: NRU | C126: WPRO | D126: High income | E126: 1 | F126: 2039 | G126: 2039 | H126: 2038
A127: Nepal | B127: NPL | C127: SEARO | D127: Lower middle income | E127: 4 | F127: 2037 | G127: 2038 | H127: 2033
A128: Netherlands | B128: NLD | C128: EURO | D128: High income | E128: 1 | F128: 2032 | G128: 2032 | H128: 2033
A129: New Zealand | B129: NZL | C129: WPRO | D129: High income | E129: 1 | F129: 2031 | G129: 2031 | H129: 2036
A130: Nicaragua | B130: NIC | C130: PAHO | D130: Lower middle income | E130: 2 | F130: 2041 | G130: 2041 | H130: 2041
A131: Niger | B131: NER | C131: AFRO | D131: Low income | E131: 3 | F131: 2031 | G131: 2031 | H131: 2031
A132: Nigeria | B132: NGA | C132: AFRO | D132: Lower middle income | E132: Key | F132: 2034 | G132: 2034 | H132: 2031
A133: Niue | B133: NIU | C133: WPRO | D133: #N/A | E133: 1 | F133: 2040 | G133: 2040 | H133: 2039
...

Sheet 2a. SI Pop
A1: Title | B1: Surviving infant population
A2: Datasource | B2: UN WPP, Revision 2020
A4: ISO | B4: Country | C4: WHO | D4: WB Group (June 2020) | E4: MR MAP Group | F4: 2030 | G4: 2031 | H4: 2032 | I4: 2033 | J4: 2034 | K4: 2035 | L4: 2036 | M4: 2037 | N4: 2038 | O4: 2039 | P4: 2040
A5: AFG | B5: Afghanistan | C5: EMRO | D5: Low income | E5: Key | F5: 1188620 | G5: 1189745 | H5: 1190653 | I5: 1191186 | J5: 1191145 | K5: 1190375 | L5: 1189083 | M5: 1187078 | N5: 1184391 | O5: 1181096 | P5: 1177251
A6: ALB | B6: Albania | C6: EURO | D6: Upper middle income | E6: 1 | F6: 24693 | G6: 23913 | H6: 23296 | I6: 22812 | J6: 22409 | K6: 22044 | L6: 21728 | M6: 21461 | N6: 21228 | O6: 21016 | P6: 20816
A7: DZA | B7: Algeria | C7: AFRO | D7: Lower middle income | E7: 2 | F7: 827094 | G7: 824587 | H7: 818447 | I7: 810979 | J7: 805702 | K7: 805147 | L7: 810429 | M7: 819806 | N7: 831908 | O7: 844779 | P7: 856887
A8: AND | B8: Andorra | C8: EURO | D8: High income | E8: 1 | F8: 0 | G8: 0 | H8: 0 | I8: 0 | J8: 0 | K8: 0 | L8: 0 | M8: 0 | N8: 0 | O8: 0 | P8: 0
A9: AGO | B9: Angola | C9: AFRO | D9: Lower middle income | E9: 3 | F9: 1555237 | G9: 1589452 | H9: 1624332 | I9: 1659445 | J9: 1694261 | K9: 1728424 | L9: 1761880 | M9: 1794746 | N9: 1827416 | O9: 1860458 | P9: 1894243
A10: ATG | B10: Antigua And Barbuda | C10: PAHO | D10: High income | E10: 1 | F10: 0 | G10: 1343 | H10: 1329 | I10: 1314 | J10: 1300 | K10: 1290 | L10: 1286 | M10: 1285 | N10: 1286 | O10: 1288 | P10: 1286
A11: ARG | B11: Argentina | C11: PAHO | D11: Upper middle income | E11: 1 | F11: 732365 | G11: 729975 | H11: 726782 | I11: 723170 | J11: 719686 | K11: 716725 | L11: 714994 | M11: 713815 | N11: 712855 | O11: 711626 | P11: 709779
A12: ARM | B12: Armenia | C12: EURO | D12: Upper middle income | E12: 1 | F12: 30803 | G12: 30524 | H12: 30339 | I12: 30243 | J12: 30230 | K12: 30286 | L12: 30429 | M12: 30627 | N12: 30851 | O12: 31067 | P12: 31252
A13: AUS | B13: Australia | C13: WPRO | D13: High income | E13: 1 | F13: 323745 | G13: 325024 | H13: 325423 | I13: 325321 | J13: 325323 | K13: 325870 | L13: 327603 | M13: 329798 | N13: 332358 | O13: 335119 | P13: 337937
A14: AUT | B14: Austria | C14: EURO | D14: High income | E14: 1 | F14: 85493 | G14: 84856 | H14: 84075 | I14: 83213 | J14: 82361 | K14: 81586 | L14: 80991 | M14: 80482 | N14: 80067 | O14: 79753 | P14: 79537
A15: AZE | B15: Azerbaijan | C15: EURO | D15: Upper middle income | E15: 1 | F15: 129428 | G15: 129941 | H15: 130678 | I15: 131469 | J15: 132108 | K15: 132444 | L15: 132548 | M15: 132342 | N15: 131803 | O15: 130942 | P15: 129789
A16: BHS | B16: Bahamas | C16: PAHO | D16: High income | E16: 1 | F16: 5456 | G16: 5453 | H16: 5419 | I16: 5366 | J16: 5308 | K16: 5260 | L16: 5229 | M16: 5205 | N16: 5186 | O16: 5168 | P16: 5154
A17: BHR | B17: Bahrain | C17: EMRO | D17: High income | E17: 1 | F17: 22046 | G17: 22039 | H17: 22165 | I17: 22338 | J17: 22430 | K17: 22349 | L17: 22103 | M17: 21705 | N17: 21221 | O17: 20757 | P17: 20383
A18: BGD | B18: Bangladesh | C18: SEARO | D18: Lower middle income | E18: Key | F18: 2519983 | G18: 2489305 | H18: 2461323 | I18: 2434900 | J18: 2408279 | K18: 2380187 | L18: 2351571 | M18: 2321684 | N18: 2291321 | O18: 2261668 | P18: 2233581
A19: BRB | B19: Barbados | C19: PAHO | D19: High income | E19: 1 | F19: 2986 | G19: 2979 | H19: 2965 | I19: 2946 | J19: 2921 | K19: 2893 | L19: 2867 | M19: 2837 | N19: 2804 | O19: 2770 | P19: 2735
A20: BLR | B20: Belarus | C20: EURO | D20: Upper middle income | E20: 2 | F20: 84094 | G20: 82300 | H20: 82058 | I20: 82937 | J20: 84226 | K20: 85388 | L20: 86354 | M20: 87259 | N20: 88133 | O20: 89059 | P20: 90087
A21: BEL | B21: Belgium | C21: EURO | D21: High income | E21: 1 | F21: 118972 | G21: 118666 | H21: 118778 | I21: 119184 | J21: 119682 | K21: 120118 | L21: 120636 | M21: 121103 | N21: 121512 | O21: 121874 | P21: 122194
A22: BLZ | B22: Belize | C22: PAHO | D22: Upper middle income | E22: 1 | F22: 7893 | G22: 7851 | H22: 7825 | I22: 7808 | J22: 7790 | K22: 7763 | L22: 7732 | M22: 7695 | N22: 7652 | O22: 7607 | P22: 7563
A23: BEN | B23: Benin | C23: AFRO | D23: Lower middle income | E23: 3 | F23: 476522 | G23: 483712 | H23: 490943 | I23: 498170 | J23: 505346 | K23: 512433 | L23: 519389 | M23: 526292 | N23: 533105 | O23: 539789 | P23: 546320
A24: BTN | B24: Bhutan | C24: SEARO | D24: Lower middle income | E24: 2 | F24: 10939 | G24: 10783 | H24: 10587 | I24: 10364 | J24: 10140 | K24: 9932 | L24: 9751 | M24: 9584 | N24: 9433 | O24: 9298 | P24: 9182
A25: BOL | B25: Bolivia | C25: PAHO | D25: Lower middle income | E25: 2 | F25: 241987 | G25: 241232 | H25: 240667 | I25: 240236 | J25: 239843 | K25: 239404 | L25: 239055 | M25: 238700 | N25: 238269 | O25: 237666 | P25: 236828
A26: BIH | B26: Bosnia and Herzegovina | C26: EURO | D26: Upper middle income | E26: 1 | F26: 22287 | G26: 22126 | H26: 22121 | I26: 22211 | J26: 22307 | K26: 22338 | L26: 22304 | M26: 22209 | N26: 22064 | O26: 21894 | P26: 21721
A27: BWA | B27: Botswana | C27: AFRO | D27: Upper middle income | E27: 2 | F27: 54304 | G27: 54525 | H27: 54671 | I27: 54764 | J27: 54841 | K27: 54932 | L27: 55084 | M27: 55244 | N27: 55384 | O27: 55472 | P27: 55484
A28: BRA | B28: Brazil | C28: PAHO | D28: Upper middle income | E28: Key | F28: 2511946 | G28: 2492137 | H28: 2469079 | I28: 2443271 | J28: 2415734 | K28: 2387322 | L28: 2359889 | M28: 2331427 | N28: 2302988 | O28: 2276043 | P28: 2251652
A29: BRN | B29: Brunei Darussalam | C29: WPRO | D29: High income | E29: 1 | F29: 5395 | G29: 5302 | H29: 5241 | I29: 5203 | J29: 5174 | K29: 5144 | L29: 5120 | M29: 5096 | N29: 5075 | O29: 5055 | P29: 5038
A30: BGR | B30: Bulgaria | C30: EURO | D30: Upper middle income | E30: 1 | F30: 53902 | G30: 53523 | H30: 53152 | I30: 52807 | J30: 52523 | K30: 52323 | L30: 52201 | M30: 52141 | N30: 52113 | O30: 52076 | P30: 52000
A31: BFA | B31: Burkina Faso | C31: AFRO | D31: Low income | E31: 3 | F31: 870205 | G31: 883882 | H31: 897219 | I31: 910230 | J31: 922990 | K31: 935560 | L31: 947949 | M31: 960172 | N31: 972123 | O31: 983684 | P31: 994772
A32: BDI | B32: Burundi | C32: AFRO | D32: Low income | E32: 3 | F32: 496204 | G32: 503605 | H32: 511504 | I32: 519761 | J32: 528170 | K32: 536560 | L32: 544889 | M32: 553209 | N32: 561491 | O32: 569716 | P32: 577868
A33: KHM | B33: Cambodia | C33: WPRO | D33: Lower middle income | E33: 4 | F33: 332712 | G33: 333107 | H33: 333741 | I33: 334463 | J33: 335085 | K33: 335455 | L33: 335658 | M33: 335579 | N33: 335117 | O33: 334183 | P33: 332730
A34: CMR | B34: Cameroon | C34: AFRO | D34: Lower middle income | E34: 3 | F34: 983852 | G34: 995597 | H34: 1007108 | I34: 1018497 | J34: 1029958 | K34: 1041622 | L34: 1053642 | M34: 1065898 | N34: 1078180 | O34: 1090203 | P34: 1101755
A35: CAN | B35: Canada | C35: PAHO | D35: High income | E35: 1 | F35: 399804 | G35: 400929 | H35: 401429 | I35: 401606 | J35: 401913 | K35: 402674 | L35: 404716 | M35: 407165 | N35: 409873 | O35: 412608 | P35: 415183
A36: CPV | B36: Cape Verde | C36: AFRO | D36: Lower middle income | E36: 2 | F36: 9099 | G36: 9012 | H36: 8949 | I36: 8905 | J36: 8862 | K36: 8812 | L36: 8757 | M36: 8695 | N36: 8628 | O36: 8562 | P36: 8498
A37: CAF | B37: Central African Republic | C37: AFRO | D37: Low income | E37: 3 | F37: 179226 | G37: 180243 | H37: 181264 | I37: 182221 | J37: 183028 | K37: 183621 | L37: 183956 | M37: 184121 | N37: 184166 | O37: 184158 | P37: 184147
A38: TCD | B38: Chad | C38: AFRO | D38: Low income | E38: Key | F38: 733710 | G38: 743419 | H38: 753198 | I38: 762912 | J38: 772393 | K38: 781523 | L38: 789749 | M38: 797706 | N38: 805515 | O38: 813357 | P38: 821350
A39: CHL | B39: Chile | C39: PAHO | D39: High income | E39: 2 | F39: 200425 | G39: 198508 | H39: 198456 | I39: 199500 | J39: 200482 | K39: 200561 | L39: 199757 | M39: 198127 | N39: 196040 | O39: 194078 | P39: 192649
A40: CHN | B40: China | C40: WPRO | D40: Upper middle income | E40: 1 | F40: 14139260 | G40: 14077286 | H40: 13997268 | I40: 13904630 | J40: 13809850 | K40: 13720911 | L40: 13652009 | M40: 13585091 | N40: 13521676 | O40: 13464045 | P40: 13413139
A41: COL | B41: Colombia | C41: PAHO | D41: Upper middle income | E41: 2 | F41: 640771 | G41: 636441 | H41: 630342 | I41: 622977 | J41: 615227 | K41: 607761 | L41: 601141 | M41: 594633 | N41: 588324 | O41: 582310 | P41: 576653
A42: COM | B42: Comoros | C42: AFRO | D42: Lower middle income | E42: 3 | F42: 27623 | G42: 27855 | H42: 28101 | I42: 28354 | J42: 28604 | K42: 28840 | L42: 29066 | M42: 29279 | N42: 29484 | O42: 29684 | P42: 29881
A43: COG | B43: Congo | C43: AFRO | D43: Lower middle income | E43: 3 | F43: 202403 | G43: 205920 | H43: 209514 | I43: 213109 | J43: 216608 | K43: 219947 | L43: 223197 | M43: 226293 | N43: 229274 | O43: 232201 | P43: 235115
A44: COK | B44: Cook Islands | C44: WPRO | D44: #N/A | E44: 1 | F44: 0 | G44: 0 | H44: 0 | I44: 0 | J44: 0 | K44: 0 | L44: 0 | M44: 0 | N44: 0 | O44: 0 | P44: 0
A45: CRI | B45: Costa Rica | C45: PAHO | D45: Upper middle income | E45: 2 | F45: 60020 | G45: 59638 | H45: 59359 | I45: 59126 | J45: 58857 | K45: 58492 | L45: 58066 | M45: 57547 | N45: 56979 | O45: 56429 | P45: 55945
A46: CIV | B46: Côte d'Ivoire | C46: AFRO | D46: Lower middle income | E46: 3 | F46: 1019211 | G46: 1033183 | H46: 1046627 | I46: 1059805 | J46: 1073101 | K46: 1086784 | L46: 1101066 | M46: 1115745 | N46: 1130605 | O46: 1145330 | P46: 1159681
A47: HRV | B47: Croatia | C47: EURO | D47: High income | E47: 1 | F47: 30929 | G47: 30633 | H47: 30338 | I47: 30051 | J47: 29780 | K47: 29532 | L47: 29319 | M47: 29124 | N47: 28950 | O47: 28803 | P47: 28684
A48: CUB | B48: Cuba | C48: PAHO | D48: Upper middle income | E48: 1 | F48: 96007 | G48: 94748 | H48: 93936 | I48: 93423 | J48: 92972 | K48: 92403 | L48: 91790 | M48: 91107 | N48: 90355 | O48: 89549 | P48: 88700
A49: CYP | B49: Cyprus | C49: EURO | D49: High income | E49: 1 | F49: 11143 | G49: 11186 | H49: 11203 | I49: 11205 | J49: 11206 | K49: 11217 | L49: 11249 | M49: 11287 | N49: 11323 | O49: 11350 | P49: 11361
A50: CZE | B50: Czech Republic | C50: EURO | D50: High income | E50: 1 | F50: 97295 | G50: 97349 | H50: 97042 | I50: 96590 | J50: 96331 | K50: 96502 | L50: 97246 | M50: 98342 | N50: 99639 | O50: 100916 | P50: 102004
A51: PRK | B51: Democratic Peoples Republic of Korea | C51: SEARO | D51: Low income | E51: 4 | F51: 331199 | G51: 326859 | H51: 321399 | I51: 315335 | J51: 309406 | K51: 304162 | L51: 300010 | M51: 296583 | N51: 293834 | O51: 291627 | P51: 289845
A52: COD | B52: Democratic Republic of the Congo | C52: AFRO | D52: Low income | E52: Key | F52: 4035831 | G52: 4103502 | H52: 4171311 | I52: 4238152 | J52: 4302778 | K52: 4364314 | L52: 4420531 | M52: 4474058 | N52: 4525310 | O52: 4575109 | P52: 4624047
A53: DNK | B53: Denmark | C53: EURO | D53: High income | E53: 1 | F53: 67589 | G53: 67593 | H53: 67371 | I53: 66999 | J53: 66586 | K53: 66213 | L53: 65973 | M53: 65773 | N53: 65594 | O53: 65401 | P53: 65170
A54: DJI | B54: Djibouti | C54: EMRO | D54: Lower middle income | E54: 3 | F54: 18233 | G54: 18071 | H54: 17935 | I54: 17821 | J54: 17724 | K54: 17637 | L54: 17574 | M54: 17526 | N54: 17490 | O54: 17466 | P54: 17452
A55: DOM | B55: Dominica | C55: PAHO | D55: Upper middle income | E55: 2 | F55: 182787 | G55: 181485 | H55: 180046 | I55: 178520 | J55: 176978 | K55: 175477 | L55: 174114 | M55: 172783 | N55: 171470 | O55: 170157 | P55: 168831
A56: DOM | B56: Dominican Republic | C56: PAHO | D56: Upper middle income | E56: 2 | F56: 182787 | G56: 181485 | H56: 180046 | I56: 178520 | J56: 176978 | K56: 175477 | L56: 174114 | M56: 172783 | N56: 171470 | O56: 170157 | P56: 168831
A57: ECU | B57: Ecuador | C57: PAHO | D57: Upper middle income | E57: 2 | F57: 322288 | G57: 321587 | H57: 320755 | I57: 319798 | J57: 318735 | K57: 317581 | L57: 316508 | M57: 315333 | N57: 314066 | O57: 312729 | P57: 311336
A58: EGY | B58: Egypt | C58: EMRO | D58: Lower middle income | E58: 2 | F58: 2537952 | G58: 2567188 | H58: 2607470 | I58: 2654391 | J58: 2701579 | K58: 2744113 | L58: 2781528 | M58: 2814724 | N58: 2842577 | O58: 2864327 | P58: 2879739
A59: SLV | B59: El Salvador | C59: PAHO | D59: Lower middle income | E59: 1 | F59: 100402 | G59: 98950 | H59: 97470 | I59: 95993 | J59: 94554 | K59: 93180 | L59: 91847 | M59: 90578 | N59: 89369 | O59: 88215 | P59: 87110
A60: GNQ | B60: Equatorial Guinea | C60: AFRO | D60: Upper middle income | E60: 3 | F60: 50135 | G60: 50757 | H60: 51329 | I60: 51866 | J60: 52390 | K60: 52911 | L60: 53451 | M60: 53988 | N60: 54518 | O60: 55039 | P60: 55545
A61: ERI | B61: Eritrea | C61: AFRO | D61: Low income | E61: 3 | F61: 111179 | G61: 113054 | H61: 114573 | I61: 115814 | J61: 116933 | K61: 118045 | L61: 119175 | M61: 120253 | N61: 121236 | O61: 122078 | P61: 122745
A62: EST | B62: Estonia | C62: EURO | D62: High income | E62: 1 | F62: 11101 | G62: 10916 | H62: 10814 | I62: 10781 | J62: 10790 | K62: 10821 | L62: 10874 | M62: 10949 | N62: 11036 | O62: 11122 | P62: 11199
A63: ETH | B63: Ethiopia | C63: AFRO | D63: Low income | E63: Key | F63: 3745306 | G63: 3760482 | H63: 3775089 | I63: 3789179 | J63: 3802636 | K63: 3815367 | L63: 3828143 | M63: 3840226 | N63: 3852244 | O63: 3864975 | P63: 3878824
A64: FJI | B64: Fiji | C64: WPRO | D64: Upper middle income | E64: 4 | F64: 17055 | G64: 17084 | H64: 17122 | I64: 17158 | J64: 17179 | K64: 17177 | L64: 17155 | M64: 17109 | N64: 17045 | O64: 16972 | P64: 16900
A65: FIN | B65: Finland | C65: EURO | D65: High income | E65: 1 | F65: 48860 | G65: 48898 | H65: 49025 | I65: 49209 | J65: 49404 | K65: 49574 | L65: 49794 | M65: 49993 | N65: 50162 | O65: 50295 | P65: 50384
A66: FRA | B66: France | C66: EURO | D66: High income | E66: 1 | F66: 696445 | G66: 695540 | H66: 698203 | I66: 703092 | J66: 708146 | K66: 711800 | L66: 714779 | M66: 716612 | N66: 717261 | O66: 716893 | P66: 715664
A67: GAB | B67: Gabon | C67: AFRO | D67: Upper middle income | E67: 3 | F67: 66254 | G67: 66805 | H67: 67151 | I67: 67387 | J67: 67659 | K67: 68077 | L67: 68698 | M67: 69445 | N67: 70280 | O67: 71151 | P67: 72013
A68: GMB | B68: Gambia | C68: AFRO | D68: Low income | E68: 3 | F68: 99463 | G68: 100529 | H68: 101545 | I68: 102530 | J68: 103511 | K68: 104509 | L68: 105510 | M68: 106532 | N68: 107546 | O68: 108519 | P68: 109426
A69: GEO | B69: Georgia | C69: EURO | D69: Upper middle income | E69: 1 | F69: 43417 | G69: 43140 | H69: 42989 | I69: 42936 | J69: 42939 | K69: 42960 | L69: 42996 | M69: 43048 | N69: 43096 | O69: 43123 | P69: 43117
A70: DEU | B70: Germany | C70: EURO | D70: High income | E70: 1 | F70: 761842 | G70: 759813 | H70: 752637 | I70: 742294 | J70: 731803 | K70: 723345 | L70: 718283 | M70: 715110 | N70: 713257 | O70: 711825 | P70: 710190
A71: GHA | B71: Ghana | C71: AFRO | D71: Lower middle income | E71: 3 | F71: 932689 | G71: 940432 | H71: 948700 | I71: 957271 | J71: 965810 | K71: 974058 | L71: 982349 | M71: 990383 | N71: 998181 | O71: 1005801 | P71: 1013273
A72: GRC | B72: Greece | C72: EURO | D72: High income | E72: 1 | F72: 66812 | G72: 67369 | H72: 67998 | I72: 68634 | J72: 69219 | K72: 69699 | L72: 70128 | M72: 70407 | N72: 70544 | O72: 70575 | P72: 70528
A73: GRD | B73: Grenada | C73: PAHO | D73: Upper middle income | E73: 1 | F73: 1446 | G73: 1428 | H73: 1417 | I73: 1410 | J73: 1407 | K73: 1406 | L73: 1406 | M73: 1408 | N73: 1410 | O73: 1412 | P73: 1412
A74: GTM | B74: Guatemala | C74: PAHO | D74: Upper middle income | E74: 1 | F74: 422796 | G74: 422651 | H74: 422428 | I74: 422019 | J74: 421271 | K74: 420082 | L74: 418565 | M74: 416631 | N74: 414493 | O74: 412444 | P74: 410692
A75: GIN | B75: Guinea | C75: AFRO | D75: Low income | E75: 3 | F75: 511599 | G75: 517382 | H75: 523016 | I75: 528514 | J75: 533903 | K75: 539197 | L75: 544395 | M75: 549530 | N75: 554589 | O75: 559550 | P75: 564397
... A81: ISL | B81: Iceland | C81: EURO | D81: High income | E81: 1 | F81: 3802 | G81: 3781 | H81: 3786 | I81: 3809 | J81: 3835 | K81: 3850 | L81: 3858 | M81: 3860 | N81: 3853 | O81: 3843 | P81: 3832
A82: IND | B82: India | C82: SEARO | D82: Lower middle income | E82: Key | F82: 22769934 | G82: 22667587 | H82: 22537348 | I82: 22378269 | J82: 22191000 | K82: 21977436 | L82: 21750431 | M82: 21497401 | N82: 21231364 | O82: 20969645 | P82: 20725207
A83: IDN | B83: Indonesia | C83: SEARO | D83: Upper middle income | E83: Key | F83: 4531781 | G83: 4509265 | H83: 4493241 | I83: 4481457 | J83: 4470172 | K83: 4456566 | L83: 4444144 | M83: 4430336 | N83: 4414835 | O83: 4397400 | P83: 4377865
A84: IRN | B84: Iran, Islamic Republic of | C84: EMRO | D84: Upper middle income | E84: 2 | F84: 1255369 | G84: 1249409 | H84: 1234218 | I84: 1214121 | J84: 1195858 | K84: 1184365 | L84: 1181737 | M84: 1184894 | N84: 1191993 | O84: 1200249 | P84: 1207559
A85: IRQ | B85: Iraq | C85: EMRO | D85: Upper middle income | E85: 2 | F85: 1229674 | G85: 1237721 | H85: 1249472 | I85: 1263608 | J85: 1278032 | K85: 1291124 | L85: 1303344 | M85: 1314555 | N85: 1324763 | O85: 1334060 | P85: 1342527
A86: IRL | B86: Ireland | C86: EURO | D86: High income | E86: 1 | F86: 53209 | G86: 53412 | H86: 54070 | I86: 55016 | J86: 56007 | K86: 56856 | L86: 57571 | M86: 58141 | N86: 58587 | O86: 58957 | P86: 59287
A87: ISR | B87: Israel | C87: EURO | D87: High income | E87: 1 | F87: 176761 | G87: 178346 | H87: 179992 | I87: 181670 | J87: 183352 | K87: 185013 | L87: 186812 | M87: 188576 | N87: 190303 | O87: 191999 | P87: 193665
A88: ITA | B88: Italy | C88: EURO | D88: High income | E88: 1 | F88: 419579 | G88: 420046 | H88: 420696 | I88: 421431 | J88: 422117 | K88: 422621 | L88: 423555 | M88: 424291 | N88: 424691 | O88: 424644 | P88: 424072
A89: JAM | B89: Jamaica | C89: PAHO | D89: Upper middle income | E89: 1 | F89: 39938 | G89: 39351 | H89: 38820 | I89: 38331 | J89: 37855 | K89: 37373 | L89: 36901 | M89: 36431 | N89: 35967 | O89: 35519 | P89: 35089
A90: JPN | B90: Japan | C90: WPRO | D90: High income | E90: 4 | F90: 844030 | G90: 840731 | H90: 839810 | I90: 840260 | J90: 840582 | K90: 839661 | L90: 838784 | M90: 836982 | N90: 834406 | O90: 831413 | P90: 828207
A91: JOR | B91: Jordan | C91: EMRO | D91: Upper middle income | E91: 2 | F91: 192652 | G91: 190640 | H91: 190798 | I91: 192355 | J91: 194155 | K91: 195320 | L91: 195229 | M91: 194569 | N91: 193421 | O91: 191977 | P91: 190393
A92: KAZ | B92: Kazakhstan | C92: EURO | D92: Upper middle income | E92: 2 | F92: 331034 | G92: 334387 | H92: 337814 | I92: 341322 | J92: 345015 | K92: 348940 | L92: 353256 | M92: 357661 | N92: 361829 | O92: 365395 | P92: 368106
A93: KEN | B93: Kenya | C93: AFRO | D93: Lower middle income | E93: 3 | F93: 1615191 | G93: 1626222 | H93: 1640895 | I93: 1656929 | J93: 1670986 | K93: 1680640 | L93: 1685885 | M93: 1687110 | N93: 1685776 | O93: 1684006 | P93: 1683377
A94: KIR | B94: Kiribati | C94: WPRO | D94: Lower middle income | E94: 4 | F94: 3036 | G94: 3040 | H94: 3044 | I94: 3052 | J94: 3065 | K94: 3085 | L94: 3115 | M94: 3152 | N94: 3193 | O94: 3235 | P94: 3277
A95: KOR | B95: Korea, Republic of | C95: WPRO | D95: High income | E95: 1 | F95: 341685 | G95: 341092 | H95: 342768 | I95: 345014 | J95: 345366 | K95: 342166 | L95: 335205 | M95: 324966 | N95: 313423 | O95: 303391 | P95: 296852
... A122: MAR | B122: Morocco | C122: EMRO | D122: Lower middle income | E122: 3 | F122: 611059 | G122: 606356 | H122: 603658 | I122: 602394 | J122: 601622 | K122: 600622 | L122: 599739 | M122: 598769 | N122: 597660 | O122: 596397 | P122: 594958
A123: MOZ | B123: Mozambique | C123: AFRO | D123: Low income | E123: Key | F123: 1296354 | G123: 1314776 | H123: 1333092 | I123: 1351300 | J123: 1369388 | K123: 1387313 | L123: 1405330 | M123: 1423206 | N123: 1440684 | O123: 1457418 | P123: 1473169
A124: MMR | B124: Myanmar | C124: SEARO | D124: Lower middle income | E124: 4 | F124: 888532 | G124: 885728 | H124: 881058 | I124: 874798 | J124: 867451 | K124: 859448 | L124: 851464 | M124: 842772 | N124: 833784 | O124: 825024 | P124: 816863
A125: NAM | B125: Namibia | C125: AFRO | D125: Upper middle income | E125: 3 | F125: 69491 | G125: 69846 | H125: 70267 | I125: 70727 | J125: 71184 | K125: 71607 | L125: 71993 | M125: 72347 | N125: 72677 | O125: 73000 | P125: 73327
A126: NRU | B126: Nauru | C126: WPRO | D126: High income | E126: 1 | F126: 0 | G126: 0 | H126: 0 | I126: 0 | J126: 0 | K126: 0 | L126: 0 | M126: 0 | N126: 0 | O126: 0 | P126: 0
A127: NPL | B127: Nepal | C127: SEARO | D127: Lower middle income | E127: 4 | F127: 467548 | G127: 457714 | H127: 451687 | I127: 447975 | J127: 444179 | K127: 438541 | L127: 430621 | M127: 421140 | N127: 410979 | O127: 401456 | P127: 393518
A128: NLD | B128: Netherlands | C128: EURO | D128: High income | E128: 1 | F128: 172586 | G128: 171888 | H128: 171701 | I128: 171778 | J128: 171733 | K128: 171282 | L128: 170613 | M128: 169612 | N128: 168363 | O128: 167006 | P128: 165645
A129: NZL | B129: New Zealand | C129: WPRO | D129: High income | E129: 1 | F129: 59297 | G129: 59104 | H129: 59010 | I129: 58988 | J129: 58984 | K129: 58960 | L129: 58992 | M129: 59013 | N129: 59019 | O129: 59011 | P129: 58987
A130: NIC | B130: Nicaragua | C130: PAHO | D130: Lower middle income | E130: 2 | F130: 120784 | G130: 120293 | H130: 119730 | I130: 119105 | J130: 118448 | K130: 117778 | L130: 117162 | M130: 116521 | N130: 115861 | O130: 115188 | P130: 114506
A131: NER | B131: Niger | C131: AFRO | D131: Low income | E131: 3 | F131: 1375907 | G131: 1411653 | H131: 1447811 | I131: 1484125 | J131: 1520322 | K131: 1556195 | L131: 1591140 | M131: 1625843 | N131: 1660288 | O131: 1694526 | P131: 1728586
A132: NGA | B132: Nigeria | C132: AFRO | D132: Lower middle income | E132: Key | F132: 8360531 | G132: 8479710 | H132: 8599531 | I132: 8719230 | J132: 8838124 | K132: 8955643 | L132: 9067985 | M132: 9179393 | N132: 9289052 | O132: 9396146 | P132: 9500017
...

Sheet 2b. 2 yr pop
A1: Title | B1: two year old population
A2: Datasource | B2: UN WPP, Revision 2020
A4: ISO | B4: Country | C4: WHO | D4: WB Group (June 2020) | E4: MR MAP Group | F4: 2030 | G4: 2031 | H4: 2032 | I4: 2033 | J4: 2034 | K4: 2035 | L4: 2036 | M4: 2037 | N4: 2038 | O4: 2039 | P4: 2040
A5: AFG | B5: Afghanistan | C5: EMRO | D5: Low income | E5: Key | F5: 1183547 | G5: 1185914 | H5: 1186114 | I5: 1186833 | J5: 1187037 | K5: 1186634 | L5: 1187735 | M5: 1184529 | N5: 1182605 | O5: 1180085 | P5: 1176967
A6: ALB | B6: Albania | C6: EURO | D6: Upper middle income | E6: 1 | F6: 25632 | G6: 24651 | H6: 24059 | I6: 23393 | J6: 22800 | K6: 22272 | L6: 21904 | M6: 21450 | N6: 21136 | O6: 20866 | P6: 20627
A7: DZA | B7: Algeria | C7: AFRO | D7: Lower middle income | E7: 2 | F7: 819737 | G7: 821951 | H7: 804455 | I7: 798985 | J7: 796091 | K7: 796422 | L7: 803616 | M7: 807869 | N7: 817243 | O7: 827840 | P7: 838840
A8: AND | B8: Andorra | C8: EURO | D8: High income | E8: 1 | F8: 0 | G8: 0 | H8: 0 | I8: 0 | J8: 0 | K8: 0 | L8: 0 | M8: 0 | N8: 0 | O8: 0 | P8: 0
A9: AGO | B9: Angola | C9: AFRO | D9: Lower middle income | E9: 3 | F9: 1512448 | G9: 1550187 | H9: 1582713 | I9: 1618066 | J9: 1653162 | K9: 1687792 | L9: 1723970 | M9: 1755650 | N9: 1789112 | O9: 1822667 | P9: 1856534
A10: ATG | B10: Antigua And Barbuda | C10: PAHO | D10: High income | E10: 1 | F10: 0 | G10: 1351 | H10: 1331 | I10: 1319 | J10: 1309 | K10: 1300 | L10: 1291 | M10: 1290 | N10: 1288 | O10: 1286 | P10: 1283
A11: ARG | B11: Argentina | C11: PAHO | D11: Upper middle income | E11: 1 | F11: 732108 | G11: 731819 | H11: 727681 | I11: 724976 | J11: 722248 | K11: 719676 | L11: 717038 | M11: 716248 | N11: 714652 | O11: 712877 | P11: 710767
A12: ARM | B12: Armenia | C12: EURO | D12: Upper middle income | E12: 1 | F12: 31006 | G12: 30697 | H12: 30231 | I12: 30015 | J12: 29898 | K12: 29870 | L12: 30165 | M12: 30098 | N12: 30299 | O12: 30519 | P12: 30732
A13: AUS | B13: Australia | C13: WPRO | D13: High income | E13: 1 | F13: 324108 | G13: 326042 | H13: 325016 | I13: 325444 | J13: 326028 | K13: 326876 | L13: 328776 | M13: 330523 | N13: 332695 | O13: 335051 | P13: 337539
A14: AUT | B14: Austria | C14: EURO | D14: High income | E14: 1 | F14: 86816 | G14: 85818 | H14: 85251 | I14: 84399 | J14: 83550 | K14: 82736 | L14: 81891 | M14: 81443 | N14: 80899 | O14: 80443 | P14: 80081
A15: AZE | B15: Azerbaijan | C15: EURO | D15: Upper middle income | E15: 1 | F15: 126828 | G15: 128566 | H15: 127212 | I15: 127973 | J15: 128808 | K15: 129531 | L15: 131868 | M15: 130713 | N15: 130981 | O15: 130931 | P15: 130525
A16: BHS | B16: Bahamas | C16: PAHO | D16: High income | E16: 1 | F16: 5478 | G16: 5464 | H16: 5441 | I16: 5406 | J16: 5367 | K16: 5329 | L16: 5278 | M16: 5271 | N16: 5243 | O16: 5216 | P16: 5192
A17: BHR | B17: Bahrain | C17: EMRO | D17: High income | E17: 1 | F17: 22264 | G17: 22155 | H17: 22389 | I17: 22453 | J17: 22451 | K17: 22350 | L17: 22333 | M17: 21903 | N17: 21575 | O17: 21238 | P17: 20927
A18: BGD | B18: Bangladesh | C18: SEARO | D18: Lower middle income | E18: Key | F18: 2558646 | G18: 2520285 | H18: 2494231 | I18: 2463353 | J18: 2432648 | K18: 2401657 | L18: 2377055 | M18: 2341692 | N18: 2311988 | O18: 2282959 | P18: 2254898
A19: BRB | B19: Barbados | C19: PAHO | D19: High income | E19: 1 | F19: 2992 | G19: 2985 | H19: 2975 | I19: 2960 | J19: 2940 | K19: 2918 | L19: 2894 | M19: 2869 | N19: 2839 | O19: 2806 | P19: 2772
A20: BLR | B20: Belarus | C20: EURO | D20: Upper middle income | E20: 2 | F20: 88008 | G20: 84725 | H20: 85160 | I20: 84610 | J20: 84440 | K20: 84502 | L20: 85178 | M20: 85350 | N20: 86105 | O20: 87032 | P20: 88088
A21: BEL | B21: Belgium | C21: EURO | D21: High income | E21: 1 | F21: 120670 | G21: 119771 | H21: 120220 | I21: 120206 | J21: 120275 | K21: 120380 | L21: 120673 | M21: 121039 | N21: 121407 | O21: 121770 | P21: 122110
A22: BLZ | B22: Belize | C22: PAHO | D22: Upper middle income | E22: 1 | F22: 8011 | G22: 7921 | H22: 7938 | I22: 7900 | J22: 7861 | K22: 7817 | L22: 7770 | M22: 7736 | N22: 7693 | O22: 7648 | P22: 7604
A23: BEN | B23: Benin | C23: AFRO | D23: Lower middle income | E23: 3 | F23: 465609 | G23: 473956 | H23: 480337 | I23: 487677 | J23: 494962 | K23: 502166 | L23: 510039 | M23: 516267 | N23: 523201 | O23: 530016 | P23: 536688
A24: BTN | B24: Bhutan | C24: SEARO | D24: Lower middle income | E24: 2 | F24: 11099 | G24: 10921 | H24: 10704 | I24: 10495 | J24: 10289 | K24: 10089 | L24: 9921 | M24: 9730 | N24: 9565 | O24: 9415 | P24: 9280
A25: BOL | B25: Bolivia | C25: PAHO | D25: Lower middle income | E25: 2 | F25: 242262 | G25: 241673 | H25: 241433 | I25: 240911 | J25: 240347 | K25: 239752 | L25: 239044 | M25: 238767 | N25: 238214 | O25: 237546 | P25: 236720
A26: BIH | B26: Bosnia and Herzegovina | C26: EURO | D26: Upper middle income | E26: 1 | F26: 22564 | G26: 22334 | H26: 22391 | I26: 22373 | J26: 22361 | K26: 22330 | L26: 22323 | M26: 22216 | N26: 22123 | O26: 22009 | P26: 21879
A27: BWA | B27: Botswana | C27: AFRO | D27: Upper middle income | E27: 2 | F27: 53647 | G27: 54159 | H27: 54050 | I27: 54244 | J27: 54433 | K27: 54616 | L27: 54901 | M27: 55039 | N27: 55214 | O27: 55340 | P27: 55404
A28: BRA | B28: Brazil | C28: PAHO | D28: Upper middle income | E28: Key | F28: 2530235 | G28: 2508994 | H28: 2478921 | I28: 2453720 | J28: 2428155 | K28: 2401870 | L28: 2385047 | M28: 2351032 | N28: 2325243 | O28: 2300149 | P28: 2276349
A29: BRN | B29: Brunei Darussalam | C29: WPRO | D29: High income | E29: 1 | F29: 5472 | G29: 5400 | H29: 5340 | I29: 5285 | J29: 5236 | K29: 5190 | L29: 5147 | M29: 5122 | N29: 5093 | O29: 5067 | P29: 5044
A30: BGR | B30: Bulgaria | C30: EURO | D30: Upper middle income | E30: 1 | F30: 54316 | G30: 53840 | H30: 53390 | I30: 52996 | J30: 52665 | K30: 52407 | L30: 52240 | M30: 52080 | N30: 51989 | O30: 51911 | P30: 51827
A31: BFA | B31: Burkina Faso | C31: AFRO | D31: Low income | E31: 3 | F31: 850055 | G31: 866395 | H31: 878037 | I31: 891776 | J31: 905278 | K31: 918515 | L31: 932601 | M31: 944157 | N31: 956525 | O31: 968498 | P31: 980030
A32: BDI | B32: Burundi | C32: AFRO | D32: Low income | E32: 3 | F32: 487338 | G32: 494722 | H32: 502195 | I32: 510005 | J32: 517992 | K32: 526088 | L32: 534946 | M32: 542562 | N32: 550906 | O32: 559254 | P32: 567557
A33: KHM | B33: Cambodia | C33: WPRO | D33: Lower middle income | E33: 4 | F33: 331972 | G33: 332024 | H33: 331588 | I33: 331873 | J33: 332262 | K33: 332610 | L33: 334532 | M33: 333352 | N33: 333476 | O33: 333231 | P33: 332515
A34: CMR | B34: Cameroon | C34: AFRO | D34: Lower middle income | E34: 3 | F34: 964326 | G34: 979204 | H34: 988776 | I34: 1000830 | J34: 1012851 | K34: 1024895 | L34: 1037872 | M34: 1049257 | N34: 1061381 | O34: 1073300 | P34: 1084910
A35: CAN | B35: Canada | C35: PAHO | D35: High income | E35: 1 | F35: 402569 | G35: 402321 | H35: 404216 | I35: 404813 | J35: 405472 | K35: 406320 | L35: 405675 | M35: 410145 | N35: 412281 | O35: 414473 | P35: 416648
A36: CPV | B36: Cape Verde | C36: AFRO | D36: Lower middle income | E36: 2 | F36: 9141 | G36: 9071 | H36: 8971 | I36: 8904 | J36: 8843 | K36: 8783 | L36: 8780 | M36: 8668 | N36: 8613 | O36: 8558 | P36: 8503
A37: CAF | B37: Central African Republic | C37: AFRO | D37: Low income | E37: 3 | F37: 176084 | G37: 178091 | H37: 179136 | I37: 180352 | J37: 181346 | K37: 182121 | L37: 182645 | M37: 182946 | N37: 183105 | O37: 183165 | P37: 183173
A38: TCD | B38: Chad | C38: AFRO | D38: Low income | E38: Key | F38: 716015 | G38: 727536 | H38: 735903 | I38: 745754 | J38: 755409 | K38: 764789 | L38: 775388 | M38: 781782 | N38: 790051 | O38: 798275 | P38: 806510
A39: CHL | B39: Chile | C39: PAHO | D39: High income | E39: 2 | F39: 204806 | G39: 201240 | H39: 202142 | I39: 201766 | J39: 201409 | K39: 200696 | L39: 200579 | M39: 198519 | N39: 197079 | O39: 195694 | P39: 194534
A40: CHN | B40: China | C40: WPRO | D40: Upper middle income | E40: 1 | F40: 14092832 | G40: 14094897 | H40: 13909190 | I40: 13832828 | J40: 13762495 | K40: 13695845 | L40: 13704055 | M40: 13596110 | N40: 13547668 | O40: 13501572 | P40: 13458309
A41: COL | B41: Colombia | C41: PAHO | D41: Upper middle income | E41: 2 | F41: 644209 | G41: 639623 | H41: 631340 | I41: 624714 | J41: 618063 | K41: 611467 | L41: 607186 | M41: 599425 | N41: 593477 | O41: 587674 | P41: 582070
A42: COM | B42: Comoros | C42: AFRO | D42: Lower middle income | E42: 3 | F42: 27232 | G42: 27500 | H42: 27706 | I42: 27952 | J42: 28196 | K42: 28434 | L42: 28719 | M42: 28895 | N42: 29117 | O42: 29333 | P42: 29544
A43: COG | B43: Congo | C43: AFRO | D43: Lower middle income | E43: 3 | F43: 197764 | G43: 201907 | H43: 205145 | I43: 208827 | J43: 212426 | K43: 215901 | L43: 219567 | M43: 222620 | N43: 225798 | O43: 228888 | P43: 231914
A44: COK | B44: Cook Islands | C44: WPRO | D44: #N/A | E44: 1 | F44: 0 | G44: 0 | H44: 0 | I44: 0 | J44: 0 | K44: 0 | L44: 0 | M44: 0 | N44: 0 | O44: 0 | P44: 0
A45: CRI | B45: Costa Rica | C45: PAHO | D45: Upper middle income | E45: 2 | F45: 60599 | G45: 60026 | H45: 59646 | I45: 59270 | J45: 58897 | K45: 58492 | L45: 58406 | M45: 57673 | N45: 57232 | O45: 56795 | P45: 56379
A46: CIV | B46: Côte d'Ivoire | C46: AFRO | D46: Lower middle income | E46: 3 | F46: 998599 | G46: 1014498 | H46: 1026443 | I46: 1040099 | J46: 1053783 | K46: 1067615 | L46: 1082498 | M46: 1096063 | N46: 1110453 | O46: 1124785 | P46: 1138945
A47: HRV | B47: Croatia | C47: EURO | D47: High income | E47: 1 | F47: 31027 | G47: 30859 | H47: 30441 | I47: 30176 | J47: 29927 | K47: 29693 | L47: 29510 | M47: 29288 | N47: 29105 | O47: 28941 | P47: 28801
A48: CUB | B48: Cuba | C48: PAHO | D48: Upper middle income | E48: 1 | F48: 96987 | G48: 95984 | H48: 95042 | I48: 94277 | J48: 93557 | K48: 92821 | L48: 92315 | M48: 91481 | N48: 90787 | O48: 90056 | P48: 89277
A49: CYP | B49: Cyprus | C49: EURO | D49: High income | E49: 1 | F49: 11107 | G49: 11151 | H49: 11107 | I49: 11123 | J49: 11147 | K49: 11179 | L49: 11247 | M49: 11280 | N49: 11330 | O49: 11372 | P49: 11402
A50: CZE | B50: Czech Republic | C50: EURO | D50: High income | E50: 1 | F50: 97507 | G50: 97380 | H50: 96585 | I50: 96244 | J50: 96120 | K50: 96287 | L50: 96760 | M50: 97683 | N50: 98683 | O50: 99735 | P50: 100743
A51: PRK | B51: Democratic Peoples Republic of Korea | C51: SEARO | D51: Low income | E51: 4 | F51: 334011 | G51: 330844 | H51: 325304 | I51: 320207 | J51: 315048 | K51: 310110 | L51: 304541 | M51: 301640 | N51: 297929 | O51: 294663 | P51: 291883
A52: COD | B52: Democratic Republic of the Congo | C52: AFRO | D52: Low income | E52: Key | F52: 3927291 | G52: 4008181 | H52: 4064606 | I52: 4133218 | J52: 4200313 | K52: 4265050 | L52: 4338443 | M52: 4383552 | N52: 4439720 | O52: 4494041 | P52: 4546683
A53: DNK | B53: Denmark | C53: EURO | D53: High income | E53: 1 | F53: 67922 | G53: 67781 | H53: 67831 | I53: 67591 | J53: 67286 | K53: 66960 | L53: 66423 | M53: 66424 | N53: 66142 | O53: 65848 | P53: 65535
A54: DJI | B54: Djibouti | C54: EMRO | D54: Lower middle income | E54: 3 | F54: 18337 | G54: 18203 | H54: 18043 | I54: 17913 | J54: 17795 | K54: 17688 | L54: 17614 | M54: 17540 | N54: 17486 | O54: 17445 | P54: 17415
A55: DOM | B55: Dominica | C55: PAHO | D55: Upper middle income | E55: 2 | F55: 183256 | G55: 182291 | H55: 180272 | I55: 178802 | J55: 177351 | K55: 175921 | L55: 175078 | M55: 173303 | N55: 172017 | O55: 170732 | P55: 169436
A56: DOM | B56: Dominican Republic | C56: PAHO | D56: Upper middle income | E56: 2 | F56: 183256 | G56: 182291 | H56: 180272 | I56: 178802 | J56: 177351 | K56: 175921 | L56: 175078 | M56: 173303 | N56: 172017 | O56: 170732 | P56: 169436
A57: ECU | B57: Ecuador | C57: PAHO | D57: Upper middle income | E57: 2 | F57: 323269 | G57: 322156 | H57: 321112 | I57: 320051 | J57: 318962 | K57: 317824 | L57: 317349 | M57: 315757 | N57: 314648 | O57: 313473 | P57: 312224
A58: EGY | B58: Egypt | C58: EMRO | D58: Lower middle income | E58: 2 | F58: 2506150 | G58: 2534145 | H58: 2562818 | I58: 2600428 | J58: 2640287 | K58: 2679749 | L58: 2735937 | M58: 2756991 | N58: 2792713 | O58: 2823845 | P58: 2849104
A59: SLV | B59: El Salvador | C59: PAHO | D59: Lower middle income | E59: 1 | F59: 101803 | G59: 100107 | H59: 98622 | I59: 97055 | J59: 95535 | K59: 94080 | L59: 92838 | M59: 91336 | N59: 90071 | O59: 88866 | P59: 87712
A60: GNQ | B60: Equatorial Guinea | C60: AFRO | D60: Upper middle income | E60: 3 | F60: 49501 | G60: 50059 | H60: 50759 | I60: 51314 | J60: 51846 | K60: 52370 | L60: 52816 | M60: 53431 | N60: 53948 | O60: 54455 | P60: 54949
A61: ERI | B61: Eritrea | C61: AFRO | D61: Low income | E61: 3 | F61: 108129 | G61: 110636 | H61: 111477 | I61: 113096 | J61: 114651 | K61: 116133 | L61: 117836 | M61: 118857 | N61: 120041 | O61: 121072 | P61: 121934
A62: EST | B62: Estonia | C62: EURO | D62: High income | E62: 1 | F62: 11446 | G62: 11136 | H62: 11077 | I62: 10951 | J62: 10863 | K62: 10809 | L62: 10801 | M62: 10818 | N62: 10865 | O62: 10928 | P62: 10994
A63: ETH | B63: Ethiopia | C63: AFRO | D63: Low income | E63: Key | F63: 3725922 | G63: 3739908 | H63: 3757460 | I63: 3771192 | J63: 3783985 | K63: 3796062 | L63: 3809415 | M63: 3820063 | N63: 3831712 | O63: 3843867 | P63: 3856824
A64: FJI | B64: Fiji | C64: WPRO | D64: Upper middle income | E64: 4 | F64: 16985 | G64: 17015 | H64: 16997 | I64: 17017 | J64: 17034 | K64: 17039 | L64: 17126 | M64: 17024 | N64: 16998 | O64: 16962 | P64: 16919
A65: FIN | B65: Finland | C65: EURO | D65: High income | E65: 1 | F65: 48616 | G65: 49020 | H65: 49006 | I65: 49232 | J65: 49454 | K65: 49655 | L65: 49830 | M65: 50138 | N65: 50331 | O65: 50485 | P65: 50598
A66: FRA | B66: France | C66: EURO | D66: High income | E66: 1 | F66: 699277 | G66: 697571 | H66: 699995 | I66: 701801 | J66: 703771 | K66: 705364 | L66: 710901 | M66: 709351 | N66: 710693 | O66: 711336 | P66: 711161
A67: GAB | B67: Gabon | C67: AFRO | D67: Upper middle income | E67: 3 | F67: 65085 | G67: 65920 | H67: 65779 | I67: 66162 | J67: 66603 | K67: 67126 | L67: 67932 | M67: 68486 | N67: 69261 | O67: 70072 | P67: 70901
A68: GMB | B68: Gambia | C68: AFRO | D68: Low income | E68: 3 | F68: 97560 | G68: 98854 | H68: 99737 | I68: 100786 | J68: 101826 | K68: 102862 | L68: 103964 | M68: 104895 | N68: 105899 | O68: 106872 | P68: 107800
A69: GEO | B69: Georgia | C69: EURO | D69: Upper middle income | E69: 1 | F69: 43163 | G69: 43163 | H69: 42598 | I69: 42481 | J69: 42438 | K69: 42443 | L69: 42755 | M69: 42566 | N69: 42660 | O69: 42745 | P69: 42807
A70: DEU | B70: Germany | C70: EURO | D70: High income | E70: 1 | F70: 759259 | G70: 761144 | H70: 749834 | I70: 743555 | J70: 737249 | K70: 731498 | L70: 726009 | M70: 723800 | N70: 720724 | O70: 717875 | P70: 715118
A71: GHA | B71: Ghana | C71: AFRO | D71: Lower middle income | E71: 3 | F71: 921749 | G71: 930424 | H71: 937883 | I71: 946126 | J71: 954343 | K71: 962437 | L71: 971829 | M71: 978964 | N71: 987017 | O71: 994918 | P71: 1002650
A72: GRC | B72: Greece | C72: EURO | D72: High income | E72: 1 | F72: 66251 | G72: 66779 | H72: 66966 | I72: 67547 | J72: 68160 | K72: 68733 | L72: 69720 | M72: 69830 | N72: 70239 | O72: 70540 | P72: 70733
A73: GRD | B73: Grenada | C73: PAHO | D73: Upper middle income | E73: 1 | F73: 1474 | G73: 1445 | H73: 1431 | I73: 1416 | J73: 1405 | K73: 1397 | L73: 1400 | M73: 1392 | N73: 1394 | O73: 1394 | P73: 1396
A74: GTM | B74: Guatemala | C74: PAHO | D74: Upper middle income | E74: 1 | F74: 423293 | G74: 422631 | H74: 422743 | I74: 422234 | J74: 421460 | K74: 420362 | L74: 419669 | M74: 417526 | N74: 415793 | O74: 414045 | P74: 412401
A75: GIN | B75: Guinea | C75: AFRO | D75: Low income | E75: 3 | F75: 502933 | G75: 509547 | H75: 514885 | I75: 520595 | J75: 526159 | K75: 531594 | L75: 537337 | M75: 542103 | N75: 547212 | O75: 552220 | P75: 557125
... A81: ISL | B81: Iceland | C81: EURO | D81: High income | E81: 1 | F81: 3878 | G81: 3823 | H81: 3856 | I81: 3855 | J81: 3855 | K81: 3853 | L81: 3853 | M81: 3853 | N81: 3851 | O81: 3845 | P81: 3837
A82: IND | B82: India | C82: SEARO | D82: Lower middle income | E82: Key | F82: 22870126 | G82: 22753647 | H82: 22650263 | I82: 22508606 | J82: 22342240 | K82: 22150180 | L82: 21960001 | M82: 21719752 | N82: 21477520 | O82: 21231030 | P82: 20988997
A83: IDN | B83: Indonesia | C83: SEARO | D83: Upper middle income | E83: Key | F83: 4536312 | G83: 4527955 | H83: 4507829 | I83: 4494499 | J83: 4480707 | K83: 4465754 | L83: 4454034 | M83: 4439563 | N83: 4424554 | O83: 4407890 | P83: 4389357
A84: IRN | B84: Iran, Islamic Republic of | C84: EMRO | D84: Upper middle income | E84: 2 | F84: 1246067 | G84: 1247366 | H84: 1215196 | I84: 1200638 | J84: 1188743 | K84: 1180777 | L84: 1182555 | M84: 1179054 | N84: 1182697 | O84: 1187821 | P84: 1193442
A85: IRQ | B85: Iraq | C85: EMRO | D85: Upper middle income | E85: 2 | F85: 1222744 | G85: 1230744 | H85: 1245298 | I85: 1257094 | J85: 1268776 | K85: 1279991 | L85: 1290644 | M85: 1302280 | N85: 1312676 | O85: 1322422 | P85: 1331433
A86: IRL | B86: Ireland | C86: EURO | D86: High income | E86: 1 | F86: 53627 | G86: 53437 | H86: 54106 | I86: 54655 | J86: 55286 | K86: 55918 | L86: 56871 | M86: 57227 | N86: 57840 | O86: 58405 | P86: 58913
A87: ISR | B87: Israel | C87: EURO | D87: High income | E87: 1 | F87: 174844 | G87: 176721 | H87: 177855 | I87: 179513 | J87: 181214 | K87: 182922 | L87: 185082 | M87: 186650 | N87: 188483 | O87: 190285 | P87: 192047
A88: ITA | B88: Italy | C88: EURO | D88: High income | E88: 1 | F88: 417263 | G88: 420181 | H88: 419532 | I88: 420907 | J88: 422237 | K88: 423366 | L88: 424259 | M88: 426092 | N88: 426911 | O88: 427241 | P88: 427024
A89: JAM | B89: Jamaica | C89: PAHO | D89: Upper middle income | E89: 1 | F89: 40369 | G89: 39823 | H89: 39201 | I89: 38650 | J89: 38114 | K89: 37584 | L89: 37225 | M89: 36599 | N89: 36128 | O89: 35672 | P89: 35233
A90: JPN | B90: Japan | C90: WPRO | D90: High income | E90: 4 | F90: 844830 | G90: 844457 | H90: 842129 | I90: 841839 | J90: 841408 | K90: 840309 | L90: 840386 | M90: 838942 | N90: 837395 | O90: 835347 | P90: 832811
A91: JOR | B91: Jordan | C91: EMRO | D91: Upper middle income | E91: 2 | F91: 195528 | G91: 192519 | H91: 194048 | I91: 194294 | J91: 194733 | K91: 195058 | L91: 195051 | M91: 194327 | N91: 193695 | O91: 192824 | P91: 191696
A92: KAZ | B92: Kazakhstan | C92: EURO | D92: Upper middle income | E92: 2 | F92: 323139 | G92: 329121 | H92: 327879 | I92: 331560 | J92: 335791 | K92: 340350 | L92: 347981 | M92: 350478 | N92: 355493 | O92: 360043 | P92: 363892
A93: KEN | B93: Kenya | C93: AFRO | D93: Lower middle income | E93: 3 | F93: 1606742 | G93: 1615877 | H93: 1635692 | I93: 1649313 | J93: 1660997 | K93: 1669924 | L93: 1678486 | M93: 1680471 | N93: 1682528 | O93: 1683640 | P93: 1684568
A94: KIR | B94: Kiribati | C94: WPRO | D94: Lower middle income | E94: 4 | F94: 3029 | G94: 3028 | H94: 3028 | I94: 3030 | J94: 3039 | K94: 3053 | L94: 3077 | M94: 3103 | N94: 3136 | O94: 3172 | P94: 3209
A95: KOR | B95: Korea, Republic of | C95: WPRO | D95: High income | E95: 1 | F95: 341376 | G95: 342116 | H95: 343957 | I95: 345470 | J95: 345519 | K95: 343233 | L95: 342070 | M95: 331945 | N95: 324040 | O95: 316557 | P95: 310629
... A122: MAR | B122: Morocco | C122: EMRO | D122: Lower middle income | E122: 3 | F122: 614725 | G122: 610730 | H122: 607674 | I122: 605064 | J122: 602808 | K122: 600722 | L122: 599824 | M122: 597886 | N122: 596646 | O122: 595400 | P122: 594061
A123: MOZ | B123: Mozambique | C123: AFRO | D123: Low income | E123: Key | F123: 1273927 | G123: 1293664 | H123: 1311956 | I123: 1330422 | J123: 1348635 | K123: 1366640 | L123: 1384906 | M123: 1402502 | N123: 1419965 | O123: 1436854 | P123: 1453012
A124: MMR | B124: Myanmar | C124: SEARO | D124: Lower middle income | E124: 4 | F124: 888918 | G124: 887105 | H124: 882347 | I124: 877522 | J124: 871724 | K124: 865039 | L124: 858643 | M124: 850394 | N124: 842112 | O124: 833700 | P124: 825466
A125: NAM | B125: Namibia | C125: AFRO | D125: Upper middle income | E125: 3 | F125: 68929 | G125: 69329 | H125: 69590 | I125: 69991 | J125: 70407 | K125: 70821 | L125: 71439 | M125: 71633 | N125: 72029 | O125: 72418 | P125: 72801
A126: NRU | B126: Nauru | C126: WPRO | D126: High income | E126: 1 | F126: 0 | G126: 0 | H126: 0 | I126: 0 | J126: 0 | K126: 0 | L126: 0 | M126: 0 | N126: 0 | O126: 0 | P126: 0
A127: NPL | B127: Nepal | C127: SEARO | D127: Lower middle income | E127: 4 | F127: 489099 | G127: 470472 | H127: 469967 | I127: 461422 | J127: 452895 | K127: 443936 | L127: 436870 | M127: 424880 | N127: 415425 | O127: 406599 | P127: 398738
A128: NLD | B128: Netherlands | C128: EURO | D128: High income | E128: 1 | F128: 175128 | G128: 173421 | H128: 174355 | I128: 173941 | J128: 173381 | K128: 172597 | L128: 171638 | M128: 170876 | N128: 169778 | O128: 168576 | P128: 167307
A129: NZL | B129: New Zealand | C129: WPRO | D129: High income | E129: 1 | F129: 59877 | G129: 59580 | H129: 59632 | I129: 59514 | J129: 59397 | K129: 59275 | L129: 59173 | M129: 59197 | N129: 59158 | O129: 59115 | P129: 59066
A130: NIC | B130: Nicaragua | C130: PAHO | D130: Lower middle income | E130: 2 | F130: 120833 | G130: 120525 | H130: 119683 | I130: 119118 | J130: 118546 | K130: 117960 | L130: 117600 | M130: 116864 | N130: 116282 | O130: 115676 | P130: 115048
A131: NER | B131: Niger | C131: AFRO | D131: Low income | E131: 3 | F131: 1330388 | G131: 1369282 | H131: 1402483 | I131: 1438963 | J131: 1475432 | K131: 1511709 | L131: 1550048 | M131: 1582586 | N131: 1617749 | O131: 1652672 | P131: 1687329
A132: NGA | B132: Nigeria | C132: AFRO | D132: Lower middle income | E132: Key | F132: 8154313 | G132: 8298948 | H132: 8399229 | I132: 8522371 | J132: 8644894 | K132: 8766159 | L132: 8898816 | M132: 8997399 | N132: 9110738 | O132: 9221658 | P132: 9329602
...

Sheet 2c. U2 pop
A1: Title | B1: U2 year population
A2: Datasource | B2: UN WPP, Revision 2020
A4: ISO | B4: Country | C4: WHO | D4: WB Group (June 2020) | E4: MR MAP Group | F4: 2030 | G4: 2031 | H4: 2032 | I4: 2033 | J4: 2034 | K4: 2035 | L4: 2036 | M4: 2037 | N4: 2038 | O4: 2039 | P4: 2040
A5: AFG | B5: Afghanistan | C5: EMRO | D5: Low income | E5: Key | F5: 2372167 | G5: 2375659 | H5: 2376767 | I5: 2378019 | J5: 2378182 | K5: 2377009 | L5: 2376818 | M5: 2371607 | N5: 2366996 | O5: 2361181 | P5: 2354218
A6: ALB | B6: Albania | C6: EURO | D6: Upper middle income | E6: 1 | F6: 50325 | G6: 48564 | H6: 47355 | I6: 46205 | J6: 45209 | K6: 44316 | L6: 43632 | M6: 42911 | N6: 42364 | O6: 41882 | P6: 41443
A7: DZA | B7: Algeria | C7: AFRO | D7: Lower middle income | E7: 2 | F7: 1646831 | G7: 1646538 | H7: 1622902 | I7: 1609964 | J7: 1601793 | K7: 1601569 | L7: 1614045 | M7: 1627675 | N7: 1649151 | O7: 1672619 | P7: 1695727
A8: AND | B8: Andorra | C8: EURO | D8: High income | E8: 1 | F8: 0 | G8: 0 | H8: 0 | I8: 0 | J8: 0 | K8: 0 | L8: 0 | M8: 0 | N8: 0 | O8: 0 | P8: 0
A9: AGO | B9: Angola | C9: AFRO | D9: Lower middle income | E9: 3 | F9: 3067685 | G9: 3139639 | H9: 3207045 | I9: 3277511 | J9: 3347423 | K9: 3416216 | L9: 3485850 | M9: 3550396 | N9: 3616528 | O9: 3683125 | P9: 3750777
A10: ATG | B10: Antigua And Barbuda | C10: PAHO | D10: High income | E10: 1 | F10: 0 | G10: 2694 | H10: 2660 | I10: 2633 | J10: 2609 | K10: 2590 | L10: 2577 | M10: 2575 | N10: 2574 | O10: 2574 | P10: 2569
A11: ARG | B11: Argentina | C11: PAHO | D11: Upper middle income | E11: 1 | F11: 1464473 | G11: 1461794 | H11: 1454463 | I11: 1448146 | J11: 1441934 | K11: 1436401 | L11: 1432032 | M11: 1430063 | N11: 1427507 | O11: 1424503 | P11: 1420546
A12: ARM | B12: Armenia | C12: EURO | D12: Upper middle income | E12: 1 | F12: 61809 | G12: 61221 | H12: 60570 | I12: 60258 | J12: 60128 | K12: 60156 | L12: 60594 | M12: 60725 | N12: 61150 | O12: 61586 | P12: 61984
A13: AUS | B13: Australia | C13: WPRO | D13: High income | E13: 1 | F13: 647853 | G13: 651066 | H13: 650439 | I13: 650765 | J13: 651351 | K13: 652746 | L13: 656379 | M13: 660321 | N13: 665053 | O13: 670170 | P13: 675476
A14: AUT | B14: Austria | C14: EURO | D14: High income | E14: 1 | F14: 172309 | G14: 170674 | H14: 169326 | I14: 167612 | J14: 165911 | K14: 164322 | L14: 162882 | M14: 161925 | N14: 160966 | O14: 160196 | P14: 159618
A15: AZE | B15: Azerbaijan | C15: EURO | D15: Upper middle income | E15: 1 | F15: 256256 | G15: 258507 | H15: 257890 | I15: 259442 | J15: 260916 | K15: 261975 | L15: 264416 | M15: 263055 | N15: 262784 | O15: 261873 | P15: 260314
A16: BHS | B16: Bahamas | C16: PAHO | D16: High income | E16: 1 | F16: 10934 | G16: 10917 | H16: 10860 | I16: 10772 | J16: 10675 | K16: 10589 | L16: 10507 | M16: 10476 | N16: 10429 | O16: 10384 | P16: 10346
A17: BHR | B17: Bahrain | C17: EMRO | D17: High income | E17: 1 | F17: 44310 | G17: 44194 | H17: 44554 | I17: 44791 | J17: 44881 | K17: 44699 | L17: 44436 | M17: 43608 | N17: 42796 | O17: 41995 | P17: 41310
A18: BGD | B18: Bangladesh | C18: SEARO | D18: Lower middle income | E18: Key | F18: 5078629 | G18: 5009590 | H18: 4955554 | I18: 4898253 | J18: 4840927 | K18: 4781844 | L18: 4728626 | M18: 4663376 | N18: 4603309 | O18: 4544627 | P18: 4488479
A19: BRB | B19: Barbados | C19: PAHO | D19: High income | E19: 1 | F19: 5978 | G19: 5964 | H19: 5940 | I19: 5906 | J19: 5861 | K19: 5811 | L19: 5761 | M19: 5706 | N19: 5643 | O19: 5576 | P19: 5507
A20: BLR | B20: Belarus | C20: EURO | D20: Upper middle income | E20: 2 | F20: 172102 | G20: 167025 | H20: 167218 | I20: 167547 | J20: 168666 | K20: 169890 | L20: 171532 | M20: 172609 | N20: 174238 | O20: 176091 | P20: 178175
A21: BEL | B21: Belgium | C21: EURO | D21: High income | E21: 1 | F21: 239642 | G21: 238437 | H21: 238998 | I21: 239390 | J21: 239957 | K21: 240498 | L21: 241309 | M21: 242142 | N21: 242919 | O21: 243644 | P21: 244304
A22: BLZ | B22: Belize | C22: PAHO | D22: Upper middle income | E22: 1 | F22: 15904 | G22: 15772 | H22: 15763 | I22: 15708 | J22: 15651 | K22: 15580 | L22: 15502 | M22: 15431 | N22: 15345 | O22: 15255 | P22: 15167
A23: BEN | B23: Benin | C23: AFRO | D23: Lower middle income | E23: 3 | F23: 942131 | G23: 957668 | H23: 971280 | I23: 985847 | J23: 1000308 | K23: 1014599 | L23: 1029428 | M23: 1042559 | N23: 1056306 | O23: 1069805 | P23: 1083008
A24: BTN | B24: Bhutan | C24: SEARO | D24: Lower middle income | E24: 2 | F24: 22038 | G24: 21704 | H24: 21291 | I24: 20859 | J24: 20429 | K24: 20021 | L24: 19672 | M24: 19314 | N24: 18998 | O24: 18713 | P24: 18462
A25: BOL | B25: Bolivia | C25: PAHO | D25: Lower middle income | E25: 2 | F25: 484249 | G25: 482905 | H25: 482100 | I25: 481147 | J25: 480190 | K25: 479156 | L25: 478099 | M25: 477467 | N25: 476483 | O25: 475212 | P25: 473548
A26: BIH | B26: Bosnia and Herzegovina | C26: EURO | D26: Upper middle income | E26: 1 | F26: 44851 | G26: 44460 | H26: 44512 | I26: 44584 | J26: 44668 | K26: 44668 | L26: 44627 | M26: 44425 | N26: 44187 | O26: 43903 | P26: 43600
A27: BWA | B27: Botswana | C27: AFRO | D27: Upper middle income | E27: 2 | F27: 107951 | G27: 108684 | H27: 108721 | I27: 109008 | J27: 109274 | K27: 109548 | L27: 109985 | M27: 110283 | N27: 110598 | O27: 110812 | P27: 110888
A28: BRA | B28: Brazil | C28: PAHO | D28: Upper middle income | E28: Key | F28: 5042181 | G28: 5001131 | H28: 4948000 | I28: 4896991 | J28: 4843889 | K28: 4789192 | L28: 4744936 | M28: 4682459 | N28: 4628231 | O28: 4576192 | P28: 4528001
A29: BRN | B29: Brunei Darussalam | C29: WPRO | D29: High income | E29: 1 | F29: 10867 | G29: 10702 | H29: 10581 | I29: 10488 | J29: 10410 | K29: 10334 | L29: 10267 | M29: 10218 | N29: 10168 | O29: 10122 | P29: 10082
A30: BGR | B30: Bulgaria | C30: EURO | D30: Upper middle income | E30: 1 | F30: 108218 | G30: 107363 | H30: 106542 | I30: 105803 | J30: 105188 | K30: 104730 | L30: 104441 | M30: 104221 | N30: 104102 | O30: 103987 | P30: 103827
A31: BFA | B31: Burkina Faso | C31: AFRO | D31: Low income | E31: 3 | F31: 1720260 | G31: 1750277 | H31: 1775256 | I31: 1802006 | J31: 1828268 | K31: 1854075 | L31: 1880550 | M31: 1904329 | N31: 1928648 | O31: 1952182 | P31: 1974802
A32: BDI | B32: Burundi | C32: AFRO | D32: Low income | E32: 3 | F32: 983542 | G32: 998327 | H32: 1013699 | I32: 1029766 | J32: 1046162 | K32: 1062648 | L32: 1079835 | M32: 1095771 | N32: 1112397 | O32: 1128970 | P32: 1145425
A33: KHM | B33: Cambodia | C33: WPRO | D33: Lower middle income | E33: 4 | F33: 664684 | G33: 665131 | H33: 665329 | I33: 666336 | J33: 667347 | K33: 668065 | L33: 670190 | M33: 668931 | N33: 668593 | O33: 667414 | P33: 665245
A34: CMR | B34: Cameroon | C34: AFRO | D34: Lower middle income | E34: 3 | F34: 1948178 | G34: 1974801 | H34: 1995884 | I34: 2019327 | J34: 2042809 | K34: 2066517 | L34: 2091514 | M34: 2115155 | N34: 2139561 | O34: 2163503 | P34: 2186665
A35: CAN | B35: Canada | C35: PAHO | D35: High income | E35: 1 | F35: 802373 | G35: 803250 | H35: 805645 | I35: 806419 | J35: 807385 | K35: 808994 | L35: 810391 | M35: 817310 | N35: 822154 | O35: 827081 | P35: 831831
A36: CPV | B36: Cape Verde | C36: AFRO | D36: Lower middle income | E36: 2 | F36: 18240 | G36: 18083 | H36: 17920 | I36: 17809 | J36: 17705 | K36: 17595 | L36: 17537 | M36: 17363 | N36: 17241 | O36: 17120 | P36: 17001
A37: CAF | B37: Central African Republic | C37: AFRO | D37: Low income | E37: 3 | F37: 355310 | G37: 358334 | H37: 360400 | I37: 362573 | J37: 364374 | K37: 365742 | L37: 366601 | M37: 367067 | N37: 367271 | O37: 367323 | P37: 367320
A38: TCD | B38: Chad | C38: AFRO | D38: Low income | E38: Key | F38: 1449725 | G38: 1470955 | H38: 1489101 | I38: 1508666 | J38: 1527802 | K38: 1546312 | L38: 1565137 | M38: 1579488 | N38: 1595566 | O38: 1611632 | P38: 1627860
A39: CHL | B39: Chile | C39: PAHO | D39: High income | E39: 2 | F39: 405231 | G39: 399748 | H39: 400598 | I39: 401266 | J39: 401891 | K39: 401257 | L39: 400336 | M39: 396646 | N39: 393119 | O39: 389772 | P39: 387183
A40: CHN | B40: China | C40: WPRO | D40: Upper middle income | E40: 1 | F40: 28232092 | G40: 28172183 | H40: 27906458 | I40: 27737458 | J40: 27572345 | K40: 27416756 | L40: 27356064 | M40: 27181201 | N40: 27069344 | O40: 26965617 | P40: 26871448
A41: COL | B41: Colombia | C41: PAHO | D41: Upper middle income | E41: 2 | F41: 1284980 | G41: 1276064 | H41: 1261682 | I41: 1247691 | J41: 1233290 | K41: 1219228 | L41: 1208327 | M41: 1194058 | N41: 1181801 | O41: 1169984 | P41: 1158723
A42: COM | B42: Comoros | C42: AFRO | D42: Lower middle income | E42: 3 | F42: 54855 | G42: 55355 | H42: 55807 | I42: 56306 | J42: 56800 | K42: 57274 | L42: 57785 | M42: 58174 | N42: 58601 | O42: 59017 | P42: 59425
A43: COG | B43: Congo | C43: AFRO | D43: Lower middle income | E43: 3 | F43: 400167 | G43: 407827 | H43: 414659 | I43: 421936 | J43: 429034 | K43: 435848 | L43: 442764 | M43: 448913 | N43: 455072 | O43: 461089 | P43: 467029
A44: COK | B44: Cook Islands | C44: WPRO | D44: #N/A | E44: 1 | F44: 0 | G44: 0 | H44: 0 | I44: 0 | J44: 0 | K44: 0 | L44: 0 | M44: 0 | N44: 0 | O44: 0 | P44: 0
A45: CRI | B45: Costa Rica | C45: PAHO | D45: Upper middle income | E45: 2 | F45: 120619 | G45: 119664 | H45: 119005 | I45: 118396 | J45: 117754 | K45: 116984 | L45: 116472 | M45: 115220 | N45: 114211 | O45: 113224 | P45: 112324
A46: CIV | B46: Côte d'Ivoire | C46: AFRO | D46: Lower middle income | E46: 3 | F46: 2017810 | G46: 2047681 | H46: 2073070 | I46: 2099904 | J46: 2126884 | K46: 2154399 | L46: 2183564 | M46: 2211808 | N46: 2241058 | O46: 2270115 | P46: 2298626
A47: HRV | B47: Croatia | C47: EURO | D47: High income | E47: 1 | F47: 61956 | G47: 61492 | H47: 60779 | I47: 60227 | J47: 59707 | K47: 59225 | L47: 58829 | M47: 58412 | N47: 58055 | O47: 57744 | P47: 57485
A48: CUB | B48: Cuba | C48: PAHO | D48: Upper middle income | E48: 1 | F48: 192994 | G48: 190732 | H48: 188978 | I48: 187700 | J48: 186529 | K48: 185224 | L48: 184105 | M48: 182588 | N48: 181142 | O48: 179605 | P48: 177977
A49: CYP | B49: Cyprus | C49: EURO | D49: High income | E49: 1 | F49: 22250 | G49: 22337 | H49: 22310 | I49: 22328 | J49: 22353 | K49: 22396 | L49: 22496 | M49: 22567 | N49: 22653 | O49: 22722 | P49: 22763
A50: CZE | B50: Czech Republic | C50: EURO | D50: High income | E50: 1 | F50: 194802 | G50: 194729 | H50: 193627 | I50: 192834 | J50: 192451 | K50: 192789 | L50: 194006 | M50: 196025 | N50: 198322 | O50: 200651 | P50: 202747
A51: PRK | B51: Democratic Peoples Republic of Korea | C51: SEARO | D51: Low income | E51: 4 | F51: 665210 | G51: 657703 | H51: 646703 | I51: 635542 | J51: 624454 | K51: 614272 | L51: 604551 | M51: 598223 | N51: 591763 | O51: 586290 | P51: 581728
A52: COD | B52: Democratic Republic of the Congo | C52: AFRO | D52: Low income | E52: Key | F52: 7963122 | G52: 8111683 | H52: 8235917 | I52: 8371370 | J52: 8503091 | K52: 8629364 | L52: 8758974 | M52: 8857610 | N52: 8965030 | O52: 9069150 | P52: 9170730
A53: DNK | B53: Denmark | C53: EURO | D53: High income | E53: 1 | F53: 135511 | G53: 135374 | H53: 135202 | I53: 134590 | J53: 133872 | K53: 133173 | L53: 132396 | M53: 132197 | N53: 131736 | O53: 131249 | P53: 130705
A54: DJI | B54: Djibouti | C54: EMRO | D54: Lower middle income | E54: 3 | F54: 36570 | G54: 36274 | H54: 35978 | I54: 35734 | J54: 35519 | K54: 35325 | L54: 35188 | M54: 35066 | N54: 34976 | O54: 34911 | P54: 34867
A55: DOM | B55: Dominica | C55: PAHO | D55: Upper middle income | E55: 2 | F55: 366043 | G55: 363776 | H55: 360318 | I55: 357322 | J55: 354329 | K55: 351398 | L55: 349192 | M55: 346086 | N55: 343487 | O55: 340889 | P55: 338267
A56: DOM | B56: Dominican Republic | C56: PAHO | D56: Upper middle income | E56: 2 | F56: 366043 | G56: 363776 | H56: 360318 | I56: 357322 | J56: 354329 | K56: 351398 | L56: 349192 | M56: 346086 | N56: 343487 | O56: 340889 | P56: 338267
A57: ECU | B57: Ecuador | C57: PAHO | D57: Upper middle income | E57: 2 | F57: 645557 | G57: 643743 | H57: 641867 | I57: 639849 | J57: 637697 | K57: 635405 | L57: 633857 | M57: 631090 | N57: 628714 | O57: 626202 | P57: 623560
A58: EGY | B58: Egypt | C58: EMRO | D58: Lower middle income | E58: 2 | F58: 5044102 | G58: 5101333 | H58: 5170288 | I58: 5254819 | J58: 5341866 | K58: 5423862 | L58: 5517465 | M58: 5571715 | N58: 5635290 | O58: 5688172 | P58: 5728843
A59: SLV | B59: El Salvador | C59: PAHO | D59: Lower middle income | E59: 1 | F59: 202205 | G59: 199057 | H59: 196092 | I59: 193048 | J59: 190089 | K59: 187260 | L59: 184685 | M59: 181914 | N59: 179440 | O59: 177081 | P59: 174822
A60: GNQ | B60: Equatorial Guinea | C60: AFRO | D60: Upper middle income | E60: 3 | F60: 99636 | G60: 100816 | H60: 102088 | I60: 103180 | J60: 104236 | K60: 105281 | L60: 106267 | M60: 107419 | N60: 108466 | O60: 109494 | P60: 110494
A61: ERI | B61: Eritrea | C61: AFRO | D61: Low income | E61: 3 | F61: 219308 | G61: 223690 | H61: 226050 | I61: 228910 | J61: 231584 | K61: 234178 | L61: 237011 | M61: 239110 | N61: 241277 | O61: 243150 | P61: 244679
A62: EST | B62: Estonia | C62: EURO | D62: High income | E62: 1 | F62: 22547 | G62: 22052 | H62: 21891 | I62: 21732 | J62: 21653 | K62: 21630 | L62: 21675 | M62: 21767 | N62: 21901 | O62: 22050 | P62: 22193
A63: ETH | B63: Ethiopia | C63: AFRO | D63: Low income | E63: Key | F63: 7471228 | G63: 7500390 | H63: 7532549 | I63: 7560371 | J63: 7586621 | K63: 7611429 | L63: 7637558 | M63: 7660289 | N63: 7683956 | O63: 7708842 | P63: 7735648
A64: FJI | B64: Fiji | C64: WPRO | D64: Upper middle income | E64: 4 | F64: 34040 | G64: 34099 | H64: 34119 | I64: 34175 | J64: 34213 | K64: 34216 | L64: 34281 | M64: 34133 | N64: 34043 | O64: 33934 | P64: 33819
A65: FIN | B65: Finland | C65: EURO | D65: High income | E65: 1 | F65: 97476 | G65: 97918 | H65: 98031 | I65: 98441 | J65: 98858 | K65: 99229 | L65: 99624 | M65: 100131 | N65: 100493 | O65: 100780 | P65: 100982
A66: FRA | B66: France | C66: EURO | D66: High income | E66: 1 | F66: 1395722 | G66: 1393111 | H66: 1398198 | I66: 1404893 | J66: 1411917 | K66: 1417164 | L66: 1425680 | M66: 1425963 | N66: 1427954 | O66: 1428229 | P66: 1426825
A67: GAB | B67: Gabon | C67: AFRO | D67: Upper middle income | E67: 3 | F67: 131339 | G67: 132725 | H67: 132930 | I67: 133549 | J67: 134262 | K67: 135203 | L67: 136630 | M67: 137931 | N67: 139541 | O67: 141223 | P67: 142914
A68: GMB | B68: Gambia | C68: AFRO | D68: Low income | E68: 3 | F68: 197023 | G68: 199383 | H68: 201282 | I68: 203316 | J68: 205337 | K68: 207371 | L68: 209474 | M68: 211427 | N68: 213445 | O68: 215391 | P68: 217226
A69: GEO | B69: Georgia | C69: EURO | D69: Upper middle income | E69: 1 | F69: 86580 | G69: 86303 | H69: 85587 | I69: 85417 | J69: 85377 | K69: 85403 | L69: 85751 | M69: 85614 | N69: 85756 | O69: 85868 | P69: 85924
A70: DEU | B70: Germany | C70: EURO | D70: High income | E70: 1 | F70: 1521101 | G70: 1520957 | H70: 1502471 | I70: 1485849 | J70: 1469052 | K70: 1454843 | L70: 1444292 | M70: 1438910 | N70: 1433981 | O70: 1429700 | P70: 1425308
A71: GHA | B71: Ghana | C71: AFRO | D71: Lower middle income | E71: 3 | F71: 1854438 | G71: 1870856 | H71: 1886583 | I71: 1903397 | J71: 1920153 | K71: 1936495 | L71: 1954178 | M71: 1969347 | N71: 1985198 | O71: 2000719 | P71: 2015923
A72: GRC | B72: Greece | C72: EURO | D72: High income | E72: 1 | F72: 133063 | G72: 134148 | H72: 134964 | I72: 136181 | J72: 137379 | K72: 138432 | L72: 139848 | M72: 140237 | N72: 140783 | O72: 141115 | P72: 141261
A73: GRD | B73: Grenada | C73: PAHO | D73: Upper middle income | E73: 1 | F73: 2920 | G73: 2873 | H73: 2848 | I73: 2826 | J73: 2812 | K73: 2803 | L73: 2806 | M73: 2800 | N73: 2804 | O73: 2806 | P73: 2808
A74: GTM | B74: Guatemala | C74: PAHO | D74: Upper middle income | E74: 1 | F74: 846089 | G74: 845282 | H74: 845171 | I74: 844253 | J74: 842731 | K74: 840444 | L74: 838234 | M74: 834157 | N74: 830286 | O74: 826489 | P74: 823093
A75: GIN | B75: Guinea | C75: AFRO | D75: Low income | E75: 3 | F75: 1014532 | G75: 1026929 | H75: 1037901 | I75: 1049109 | J75: 1060062 | K75: 1070791 | L75: 1081732 | M75: 1091633 | N75: 1101801 | O75: 1111770 | P75: 1121522
... A81: ISL | B81: Iceland | C81: EURO | D81: High income | E81: 1 | F81: 7680 | G81: 7604 | H81: 7642 | I81: 7664 | J81: 7690 | K81: 7703 | L81: 7711 | M81: 7713 | N81: 7704 | O81: 7688 | P81: 7669
A82: IND | B82: India | C82: SEARO | D82: Lower middle income | E82: Key | F82: 45640060 | G82: 45421234 | H82: 45187611 | I82: 44886875 | J82: 44533240 | K82: 44127616 | L82: 43710432 | M82: 43217153 | N82: 42708884 | O82: 42200675 | P82: 41714204
A83: IDN | B83: Indonesia | C83: SEARO | D83: Upper middle income | E83: Key | F83: 9068093 | G83: 9037220 | H83: 9001070 | I83: 8975956 | J83: 8950879 | K83: 8922320 | L83: 8898178 | M83: 8869899 | N83: 8839389 | O83: 8805290 | P83: 8767222
A84: IRN | B84: Iran, Islamic Republic of | C84: EMRO | D84: Upper middle income | E84: 2 | F84: 2501436 | G84: 2496775 | H84: 2449414 | I84: 2414759 | J84: 2384601 | K84: 2365142 | L84: 2364292 | M84: 2363948 | N84: 2374690 | O84: 2388070 | P84: 2401001
A85: IRQ | B85: Iraq | C85: EMRO | D85: Upper middle income | E85: 2 | F85: 2452418 | G85: 2468465 | H85: 2494770 | I85: 2520702 | J85: 2546808 | K85: 2571115 | L85: 2593988 | M85: 2616835 | N85: 2637439 | O85: 2656482 | P85: 2673960
A86: IRL | B86: Ireland | C86: EURO | D86: High income | E86: 1 | F86: 106836 | G86: 106849 | H86: 108176 | I86: 109671 | J86: 111293 | K86: 112774 | L86: 114442 | M86: 115368 | N86: 116427 | O86: 117362 | P86: 118200
A87: ISR | B87: Israel | C87: EURO | D87: High income | E87: 1 | F87: 351605 | G87: 355067 | H87: 357847 | I87: 361183 | J87: 364566 | K87: 367935 | L87: 371894 | M87: 375226 | N87: 378786 | O87: 382284 | P87: 385712
A88: ITA | B88: Italy | C88: EURO | D88: High income | E88: 1 | F88: 836842 | G88: 840227 | H88: 840228 | I88: 842338 | J88: 844354 | K88: 845987 | L88: 847814 | M88: 850383 | N88: 851602 | O88: 851885 | P88: 851096
A89: JAM | B89: Jamaica | C89: PAHO | D89: Upper middle income | E89: 1 | F89: 80307 | G89: 79174 | H89: 78021 | I89: 76981 | J89: 75969 | K89: 74957 | L89: 74126 | M89: 73030 | N89: 72095 | O89: 71191 | P89: 70322
A90: JPN | B90: Japan | C90: WPRO | D90: High income | E90: 4 | F90: 1688860 | G90: 1685188 | H90: 1681939 | I90: 1682099 | J90: 1681990 | K90: 1679970 | L90: 1679170 | M90: 1675924 | N90: 1671801 | O90: 1666760 | P90: 1661018
A91: JOR | B91: Jordan | C91: EMRO | D91: Upper middle income | E91: 2 | F91: 388180 | G91: 383159 | H91: 384846 | I91: 386649 | J91: 388888 | K91: 390378 | L91: 390280 | M91: 388896 | N91: 387116 | O91: 384801 | P91: 382089
A92: KAZ | B92: Kazakhstan | C92: EURO | D92: Upper middle income | E92: 2 | F92: 654173 | G92: 663508 | H92: 665693 | I92: 672882 | J92: 680806 | K92: 689290 | L92: 701237 | M92: 708139 | N92: 717322 | O92: 725438 | P92: 731998
A93: KEN | B93: Kenya | C93: AFRO | D93: Lower middle income | E93: 3 | F93: 3221933 | G93: 3242099 | H93: 3276587 | I93: 3306242 | J93: 3331983 | K93: 3350564 | L93: 3364371 | M93: 3367581 | N93: 3368304 | O93: 3367646 | P93: 3367945
A94: KIR | B94: Kiribati | C94: WPRO | D94: Lower middle income | E94: 4 | F94: 6065 | G94: 6068 | H94: 6072 | I94: 6082 | J94: 6104 | K94: 6138 | L94: 6192 | M94: 6255 | N94: 6329 | O94: 6407 | P94: 6486
A95: KOR | B95: Korea, Republic of | C95: WPRO | D95: High income | E95: 1 | F95: 683061 | G95: 683208 | H95: 686725 | I95: 690484 | J95: 690885 | K95: 685399 | L95: 677275 | M95: 656911 | N95: 637463 | O95: 619948 | P95: 607481
... A122: MAR | B122: Morocco | C122: EMRO | D122: Lower middle income | E122: 3 | F122: 1225784 | G122: 1217086 | H122: 1211332 | I122: 1207458 | J122: 1204430 | K122: 1201344 | L122: 1199563 | M122: 1196655 | N122: 1194306 | O122: 1191797 | P122: 1189019
A123: MOZ | B123: Mozambique | C123: AFRO | D123: Low income | E123: Key | F123: 2570281 | G123: 2608440 | H123: 2645048 | I123: 2681722 | J123: 2718023 | K123: 2753953 | L123: 2790236 | M123: 2825708 | N123: 2860649 | O123: 2894272 | P123: 2926181
A124: MMR | B124: Myanmar | C124: SEARO | D124: Lower middle income | E124: 4 | F124: 1777450 | G124: 1772833 | H124: 1763405 | I124: 1752320 | J124: 1739175 | K124: 1724487 | L124: 1710107 | M124: 1693166 | N124: 1675896 | O124: 1658724 | P124: 1642329
A125: NAM | B125: Namibia | C125: AFRO | D125: Upper middle income | E125: 3 | F125: 138420 | G125: 139175 | H125: 139857 | I125: 140718 | J125: 141591 | K125: 142428 | L125: 143432 | M125: 143980 | N125: 144706 | O125: 145418 | P125: 146128
A126: NRU | B126: Nauru | C126: WPRO | D126: High income | E126: 1 | F126: 0 | G126: 0 | H126: 0 | I126: 0 | J126: 0 | K126: 0 | L126: 0 | M126: 0 | N126: 0 | O126: 0 | P126: 0
A127: NPL | B127: Nepal | C127: SEARO | D127: Lower middle income | E127: 4 | F127: 956647 | G127: 928186 | H127: 921654 | I127: 909397 | J127: 897074 | K127: 882477 | L127: 867491 | M127: 846020 | N127: 826404 | O127: 808055 | P127: 792256
A128: NLD | B128: Netherlands | C128: EURO | D128: High income | E128: 1 | F128: 347714 | G128: 345309 | H128: 346056 | I128: 345719 | J128: 345114 | K128: 343879 | L128: 342251 | M128: 340488 | N128: 338141 | O128: 335582 | P128: 332952
A129: NZL | B129: New Zealand | C129: WPRO | D129: High income | E129: 1 | F129: 119174 | G129: 118684 | H129: 118642 | I129: 118502 | J129: 118381 | K129: 118235 | L129: 118165 | M129: 118210 | N129: 118177 | O129: 118126 | P129: 118053
A130: NIC | B130: Nicaragua | C130: PAHO | D130: Lower middle income | E130: 2 | F130: 241617 | G130: 240818 | H130: 239413 | I130: 238223 | J130: 236994 | K130: 235738 | L130: 234762 | M130: 233385 | N130: 232143 | O130: 230864 | P130: 229554
A131: NER | B131: Niger | C131: AFRO | D131: Low income | E131: 3 | F131: 2706295 | G131: 2780935 | H131: 2850294 | I131: 2923088 | J131: 2995754 | K131: 3067904 | L131: 3141188 | M131: 3208429 | N131: 3278037 | O131: 3347198 | P131: 3415915
A132: NGA | B132: Nigeria | C132: AFRO | D132: Lower middle income | E132: Key | F132: 16514844 | G132: 16778658 | H132: 16998760 | I132: 17241601 | J132: 17483018 | K132: 17721802 | L132: 17966801 | M132: 18176792 | N132: 18399790 | O132: 18617804 | P132: 18829619
...

Sheet 2d. U2 pop %
A1: Title | B1: U2 year olds % to total population (65 years of age)
A2: Datasource | B2: UN WPP, Revision 2020
A4: ISO | B4: Country | C4: WHO | D4: WB Group (June 2020) | E4: MR MAP Group | F4: 2030 | G4: 2031 | H4: 2032 | I4: 2033 | J4: 2034 | K4: 2035 | L4: 2036 | M4: 2037 | N4: 2038 | O4: 2039 | P4: 2040
A5: AFG | B5: Afghanistan | C5: EMRO | D5: Low income | E5: Key | F5: 0.050760172 | G5: 0.049926453 | H5: 0.049076451 | I5: 0.048263872 | J5: 0.047463704 | K5: 0.046671664 | L5: 0.045936263 | M5: 0.045135735 | N5: 0.044379232 | O5: 0.043632605 | P5: 0.042897669
A6: ALB | B6: Albania | C6: EURO | D6: Upper middle income | E6: 1 | F6: 0.022405802 | G6: 0.021859754 | H6: 0.021542361 | I6: 0.021236326 | J6: 0.020991239 | K6: 0.020790953 | L6: 0.02067832 | M6: 0.020546256 | N6: 0.020496782 | O6: 0.020476451 | P6: 0.020471401
A7: DZA | B7: Algeria | C7: AFRO | D7: Lower middle income | E7: 2 | F7: 0.035643758 | G7: 0.035347999 | H7: 0.034573496 | I7: 0.034048778 | J7: 0.033640303 | K7: 0.033409491 | L7: 0.033438639 | M7: 0.033495086 | N7: 0.033714685 | O7: 0.033977687 | P7: 0.034239358
A8: AND | B8: Andorra | C8: EURO | D8: High income | E8: 1 | F8: 0 | G8: 0 | H8: 0 | I8: 0 | J8: 0 | K8: 0 | L8: 0 | M8: 0 | N8: 0 | O8: 0 | P8: 0
A9: AGO | B9: Angola | C9: AFRO | D9: Lower middle income | E9: 3 | F9: 0.069983618 | G9: 0.069532671 | H9: 0.068957937 | I9: 0.068431554 | J9: 0.067883038 | K9: 0.067310922 | L9: 0.066765331 | M9: 0.066125702 | N9: 0.065521749 | O9: 0.064929933 | P9: 0.064358024
A10: ATG | B10: Antigua And Barbuda | C10: PAHO | D10: High income | E10: 1 | F10: 0 | G10: 0.029388343 | H10: 0.029040887 | I10: 0.028779731 | J10: 0.028558606 | K10: 0.028396321 | L10: 0.028295982 | M10: 0.028311948 | N10: 0.028343335 | O10: 0.028388036 | P10: 0.028381723
A11: ARG | B11: Argentina | C11: PAHO | D11: Upper middle income | E11: 1 | F11: 0.033897201 | G11: 0.033645788 | H11: 0.033293889 | I11: 0.032973101 | J11: 0.032664361 | K11: 0.032383114 | L11: 0.032139859 | M11: 0.03196004 | N11: 0.031776543 | O11: 0.031595765 | P11: 0.031410666
A12: ARM | B12: Armenia | C12: EURO | D12: Upper middle income | E12: 1 | F12: 0.024735156 | G12: 0.024639142 | H12: 0.024497888 | I12: 0.024473842 | J12: 0.024509808 | K12: 0.024605603 | L12: 0.024865983 | M12: 0.02499929 | N12: 0.025254841 | O12: 0.025519276 | P12: 0.025774859
A13: AUS | B13: Australia | C13: WPRO | D13: High income | E13: 1 | F13: 0.028128765 | G13: 0.02809841 | H13: 0.027902137 | I13: 0.027747494 | J13: 0.027608627 | K13: 0.027514815 | L13: 0.027504885 | M13: 0.027516671 | N13: 0.027571439 | O13: 0.027647845 | P13: 0.027731068
A14: AUT | B14: Austria | C14: EURO | D14: High income | E14: 1 | F14: 0.024141758 | G14: 0.024054776 | H14: 0.02401166 | I14: 0.023920705 | J14: 0.023830299 | K14: 0.023747735 | L14: 0.023663304 | M14: 0.023633125 | N14: 0.023587696 | O14: 0.023559022 | P14: 0.023554199
A15: AZE | B15: Azerbaijan | C15: EURO | D15: Upper middle income | E15: 1 | F15: 0.026719382 | G15: 0.026996082 | H15: 0.026963571 | I15: 0.027148857 | J15: 0.02731984 | K15: 0.027445027 | L15: 0.02770431 | M15: 0.027562519 | N15: 0.027534638 | O15: 0.0274424 | P15: 0.027287447
A16: BHS | B16: Bahamas | C16: PAHO | D16: High income | E16: 1 | F16: 0.028708109 | G16: 0.028606092 | H16: 0.028400399 | I16: 0.028115123 | J16: 0.027813168 | K16: 0.027551772 | L16: 0.027314605 | M16: 0.027220783 | N16: 0.027097673 | O16: 0.026986779 | P16: 0.026893753
A17: BHR | B17: Bahrain | C17: EMRO | D17: High income | E17: 1 | F17: 0.023163153 | G17: 0.022897864 | H17: 0.022909238 | I17: 0.022881912 | J17: 0.022799478 | K17: 0.02259536 | L17: 0.022359896 | M17: 0.021857332 | N17: 0.021380393 | O17: 0.02092463 | P17: 0.020540538
A18: BGD | B18: Bangladesh | C18: SEARO | D18: Lower middle income | E18: Key | F18: 0.030421679 | G18: 0.029917565 | H18: 0.029517293 | I18: 0.02911216 | J18: 0.028720314 | K18: 0.028329593 | L18: 0.027985016 | M18: 0.027577707 | N18: 0.027209413 | O18: 0.026859558 | P18: 0.02653777
A19: BRB | B19: Barbados | C19: PAHO | D19: High income | E19: 1 | F19: 0.026070081 | G19: 0.026158239 | H19: 0.026196945 | I19: 0.026184765 | J19: 0.026122496 | K19: 0.026047316 | L19: 0.025963432 | M19: 0.02586629 | N19: 0.025744905 | O19: 0.025609935 | P19: 0.02546672
A20: BLR | B20: Belarus | C20: EURO | D20: Upper middle income | E20: 2 | F20: 0.022984297 | G20: 0.022493538 | H20: 0.022676579 | I20: 0.022846363 | J20: 0.023105343 | K20: 0.023379881 | L20: 0.023730677 | M20: 0.024010709 | N20: 0.0243761 | O20: 0.024778627 | P20: 0.025213492
A21: BEL | B21: Belgium | C21: EURO | D21: High income | E21: 1 | F21: 0.025706193 | G21: 0.025639807 | H21: 0.025759624 | I21: 0.025859016 | J21: 0.025976904 | K21: 0.026093359 | L21: 0.026220085 | M21: 0.02634694 | N21: 0.026466977 | O21: 0.026581922 | P21: 0.026691679
A22: BLZ | B22: Belize | C22: PAHO | D22: Upper middle income | E22: 1 | F22: 0.036357734 | G22: 0.03565704 | H22: 0.035258618 | I22: 0.034779451 | J22: 0.034318605 | K22: 0.033852492 | L22: 0.033388687 | M22: 0.032962503 | N22: 0.032526443 | O22: 0.032101327 | P22: 0.031697433
A23: BEN | B23: Benin | C23: AFRO | D23: Lower middle income | E23: 3 | F23: 0.062140913 | G23: 0.061672518 | H23: 0.061084964 | I23: 0.060565281 | J23: 0.060046541 | K23: 0.059526108 | L23: 0.059047732 | M23: 0.058479916 | N23: 0.057957364 | O23: 0.057432781 | P23: 0.056905796
A24: BTN | B24: Bhutan | C24: SEARO | D24: Lower middle income | E24: 2 | F24: 0.028191247 | G24: 0.027643196 | H24: 0.027016156 | I24: 0.026386329 | J24: 0.025778081 | K24: 0.025211269 | L24: 0.024729909 | M24: 0.0242474 | N24: 0.02382774 | O24: 0.023458106 | P24: 0.023144445
A25: BOL | B25: Bolivia | C25: PAHO | D25: Lower middle income | E25: 2 | F25: 0.03984027 | G25: 0.039338116 | H25: 0.0388977 | I25: 0.038462851 | J25: 0.038045369 | K25: 0.037639708 | L25: 0.037242576 | M25: 0.036893739 | N25: 0.036533266 | O25: 0.036167391 | P25: 0.035789315
A26: BIH | B26: Bosnia and Herzegovina | C26: EURO | D26: Upper middle income | E26: 1 | F26: 0.018528586 | G26: 0.01860821 | H26: 0.01885568 | I26: 0.019095115 | J26: 0.019330177 | K26: 0.019531033 | L26: 0.019721808 | M26: 0.019843689 | N26: 0.019953957 | O26: 0.020046693 | P26: 0.020129921
A27: BWA | B27: Botswana | C27: AFRO | D27: Upper middle income | E27: 2 | F27: 0.041048005 | G27: 0.040762533 | H27: 0.040231023 | I27: 0.039808829 | J27: 0.03939744 | K27: 0.039010542 | L27: 0.038703223 | M27: 0.038366884 | N27: 0.038056994 | O27: 0.037734204 | P27: 0.037388043
A28: BRA | B28: Brazil | C28: PAHO | D28: Upper middle income | E28: Key | F28: 0.025772601 | G28: 0.025594821 | H28: 0.025361329 | I28: 0.025145397 | J28: 0.024925449 | K28: 0.024704173 | L28: 0.024534883 | M28: 0.024275793 | N28: 0.024064316 | O28: 0.023871448 | P28: 0.023708963
A29: BRN | B29: Brunei Darussalam | C29: WPRO | D29: High income | E29: 1 | F29: 0.025429162 | G29: 0.025050794 | H29: 0.024790542 | I29: 0.024611457 | J29: 0.024481905 | K29: 0.024369883 | L29: 0.024279387 | M29: 0.024241878 | N29: 0.024212522 | O29: 0.024204078 | P29: 0.02421945
A30: BGR | B30: Bulgaria | C30: EURO | D30: Upper middle income | E30: 1 | F30: 0.021665205 | G30: 0.021729011 | H30: 0.02179339 | I30: 0.021868429 | J30: 0.021966965 | K30: 0.022102355 | L30: 0.022308168 | M30: 0.02253504 | N30: 0.022790657 | O30: 0.023053033 | P30: 0.023308968
A31: BFA | B31: Burkina Faso | C31: AFRO | D31: Low income | E31: 3 | F31: 0.064324172 | G31: 0.063804698 | H31: 0.063107426 | I31: 0.062483972 | J31: 0.061854264 | K31: 0.061221065 | L31: 0.06062622 | M31: 0.059956511 | N31: 0.05931906 | O31: 0.058675207 | P31: 0.058024967
A32: BDI | B32: Burundi | C32: AFRO | D32: Low income | E32: 3 | F32: 0.064039107 | G32: 0.063330324 | H32: 0.062666926 | I32: 0.062054006 | J32: 0.061465949 | K32: 0.060886423 | L32: 0.06035091 | M32: 0.059748884 | N32: 0.059190383 | O32: 0.058638038 | P32: 0.058093178
A33: KHM | B33: Cambodia | C33: WPRO | D33: Lower middle income | E33: 4 | F33: 0.03767014 | G33: 0.037414479 | H33: 0.037148336 | I33: 0.036929656 | J33: 0.036716222 | K33: 0.036496793 | L33: 0.036366882 | M33: 0.036064594 | N33: 0.03583159 | O33: 0.035557677 | P33: 0.035212203
A34: CMR | B34: Cameroon | C34: AFRO | D34: Lower middle income | E34: 3 | F34: 0.059233829 | G34: 0.058722876 | H34: 0.05805879 | I34: 0.057477655 | J34: 0.056910701 | K34: 0.056363365 | L34: 0.055871812 | M34: 0.055354491 | N34: 0.054869106 | O34: 0.054384587 | P34: 0.053894685
A35: CAN | B35: Canada | C35: PAHO | D35: High income | E35: 1 | F35: 0.025053229 | G35: 0.025004145 | H35: 0.024987838 | I35: 0.02490821 | J35: 0.024828127 | K35: 0.024770504 | L35: 0.024688589 | M35: 0.024777261 | N35: 0.024806333 | O35: 0.024843124 | P35: 0.024881196
A36: CPV | B36: Cape Verde | C36: AFRO | D36: Lower middle income | E36: 2 | F36: 0.031964447 | G36: 0.031547288 | H36: 0.031126188 | I36: 0.030802466 | J36: 0.030499096 | K36: 0.030197299 | L36: 0.029989569 | M36: 0.029594089 | N36: 0.029298707 | O36: 0.029017392 | P36: 0.028753167
A37: CAF | B37: Central African Republic | C37: AFRO | D37: Low income | E37: 3 | F37: 0.061398332 | G37: 0.060651176 | H37: 0.059764973 | I37: 0.058925037 | J37: 0.058056023 | K37: 0.057153135 | L37: 0.056223146 | M37: 0.055270778 | N37: 0.054317784 | O37: 0.05337976 | P37: 0.052469039
A38: TCD | B38: Chad | C38: AFRO | D38: Low income | E38: Key | F38: 0.06842242 | G38: 0.067659527 | H38: 0.066774186 | I38: 0.065974979 | J38: 0.065180267 | K38: 0.064384699 | L38: 0.063634793 | M38: 0.062730495 | N38: 0.061924234 | O38: 0.061144338 | P38: 0.06039636
A39: CHL | B39: Chile | C39: PAHO | D39: High income | E39: 2 | F39: 0.024803196 | G39: 0.024504319 | H39: 0.024578196 | I39: 0.024634037 | J39: 0.024691259 | K39: 0.024683126 | L39: 0.024656422 | M39: 0.024469253 | N39: 0.024301135 | O39: 0.024151549 | P39: 0.024056527
A40: CHN | B40: China | C40: WPRO | D40: Upper middle income | E40: 1 | F40: 0.022810438 | G40: 0.022935075 | H40: 0.022912124 | I40: 0.02298869 | J40: 0.023084225 | K40: 0.023195375 | L40: 0.023379525 | M40: 0.023464637 | N40: 0.023604148 | O40: 0.023745236 | P40: 0.023879894
A41: COL | B41: Colombia | C41: PAHO | D41: Upper middle income | E41: 2 | F41: 0.02736059 | G41: 0.027167275 | H41: 0.02686667 | I41: 0.026584221 | J41: 0.026300869 | K41: 0.026030567 | L41: 0.025819273 | M41: 0.025539646 | N41: 0.025306893 | O41: 0.025090454 | P41: 0.024897217
A42: COM | B42: Comoros | C42: AFRO | D42: Lower middle income | E42: 3 | F42: 0.05343913 | G42: 0.052974283 | H42: 0.052473959 | I42: 0.052029104 | J42: 0.05159087 | K42: 0.05114677 | L42: 0.050753641 | M42: 0.050264047 | N42: 0.049819725 | O42: 0.049379999 | P42: 0.048947737
A43: COG | B43: Congo | C43: AFRO | D43: Lower middle income | E43: 3 | F43: 0.058813916 | G43: 0.058616029 | H43: 0.058292241 | I43: 0.058027309 | J43: 0.057735492 | K43: 0.057406651 | L43: 0.057095925 | M43: 0.056688314 | N43: 0.056286999 | O43: 0.055874913 | P43: 0.055462016
A44: COK | B44: Cook Islands | C44: WPRO | D44: #N/A | E44: 1 | F44: 0 | G44: 0 | H44: 0 | I44: 0 | J44: 0 | K44: 0 | L44: 0 | M44: 0 | N44: 0 | O44: 0 | P44: 0
A45: CRI | B45: Costa Rica | C45: PAHO | D45: Upper middle income | E45: 2 | F45: 0.025668576 | G45: 0.025474041 | H45: 0.025345704 | I45: 0.025232384 | J45: 0.025116556 | K45: 0.024977549 | L45: 0.024880072 | M45: 0.024626115 | N45: 0.024426184 | O45: 0.024237826 | P45: 0.024081734
A46: CIV | B46: Côte d'Ivoire | C46: AFRO | D46: Lower middle income | E46: 3 | F46: 0.061542355 | G46: 0.061029722 | H46: 0.060390664 | I46: 0.059803674 | J46: 0.059230308 | K46: 0.058681618 | L46: 0.058199553 | M46: 0.057699439 | N46: 0.057232778 | O46: 0.056769396 | P46: 0.056302421
A47: HRV | B47: Croatia | C47: EURO | D47: High income | E47: 1 | F47: 0.020937532 | G47: 0.021013574 | H47: 0.020994393 | I47: 0.021021076 | J47: 0.021051462 | K47: 0.02109039 | L47: 0.021160384 | M47: 0.021217334 | N47: 0.021291086 | O47: 0.021382073 | P47: 0.021500281
A48: CUB | B48: Cuba | C48: PAHO | D48: Upper middle income | E48: 1 | F48: 0.021646106 | G48: 0.021683361 | H48: 0.021772577 | I48: 0.021910676 | J48: 0.022060721 | K48: 0.02220279 | L48: 0.022368759 | M48: 0.022490073 | N48: 0.02262677 | O48: 0.022744734 | P48: 0.022820929
A49: CYP | B49: Cyprus | C49: EURO | D49: High income | E49: 1 | F49: 0.021046239 | G49: 0.021127413 | H49: 0.021104411 | I49: 0.021128573 | J49: 0.021163966 | K49: 0.021221537 | L49: 0.021325042 | M49: 0.021403323 | N49: 0.021499243 | O49: 0.021585686 | P49: 0.021656442
A50: CZE | B50: Czech Republic | C50: EURO | D50: High income | E50: 1 | F50: 0.022972587 | G50: 0.023024073 | H50: 0.022954359 | I50: 0.022921299 | J50: 0.022943126 | K50: 0.023067104 | L50: 0.023319408 | M50: 0.023687725 | N50: 0.024109676 | O50: 0.024554776 | P50: 0.024988479
A51: PRK | B51: Democratic Peoples Republic of Korea | C51: SEARO | D51: Low income | E51: 4 | F51: 0.028227797 | G51: 0.027986523 | H51: 0.027630246 | I51: 0.027296293 | J51: 0.026983989 | K51: 0.026716063 | L51: 0.026479227 | M51: 0.02638728 | N51: 0.026289882 | O51: 0.02622448 | P51: 0.02617075
A52: COD | B52: Democratic Republic of the Congo | C52: AFRO | D52: Low income | E52: Key | F52: 0.068300981 | G52: 0.067704501 | H52: 0.066912658 | I52: 0.06622501 | J52: 0.065521541 | K52: 0.064793369 | L52: 0.064110823 | M52: 0.063223066 | N52: 0.062424321 | O52: 0.061628327 | P52: 0.060842073
A53: DNK | B53: Denmark | C53: EURO | D53: High income | E53: 1 | F53: 0.028696503 | G53: 0.028678751 | H53: 0.028663657 | I53: 0.028566814 | J53: 0.028452222 | K53: 0.028336707 | L53: 0.028182626 | M53: 0.028136312 | N53: 0.028019892 | O53: 0.027890326 | P53: 0.027750855
A54: DJI | B54: Djibouti | C54: EMRO | D54: Lower middle income | E54: 3 | F54: 0.034767546 | G54: 0.034213331 | H54: 0.03367519 | I54: 0.033201737 | J54: 0.032771835 | K54: 0.032380125 | L54: 0.032060352 | M54: 0.031769645 | N54: 0.031522405 | O54: 0.031311662 | P54: 0.03113403
A55: DOM | B55: Dominica | C55: PAHO | D55: Upper middle income | E55: 2 | F55: 0.034354902 | G55: 0.034024258 | H55: 0.033593857 | I55: 0.03321837 | J55: 0.032854959 | K55: 0.032509378 | L55: 0.032235138 | M55: 0.031887499 | N55: 0.031596869 | O55: 0.031316423 | P55: 0.031043578
A56: DOM | B56: Dominican Republic | C56: PAHO | D56: Upper middle income | E56: 2 | F56: 0.034354902 | G56: 0.034024258 | H56: 0.033593857 | I56: 0.03321837 | J56: 0.032854959 | K56: 0.032509378 | L56: 0.032235138 | M56: 0.031887499 | N56: 0.031596869 | O56: 0.031316423 | P56: 0.031043578
A57: ECU | B57: Ecuador | C57: PAHO | D57: Upper middle income | E57: 2 | F57: 0.035941906 | G57: 0.035567138 | H57: 0.035205682 | I57: 0.034853415 | J57: 0.034510575 | K57: 0.034176518 | L57: 0.033884365 | M57: 0.033540987 | N57: 0.033232879 | O57: 0.032932037 | P57: 0.032638841
A58: EGY | B58: Egypt | C58: EMRO | D58: Lower middle income | E58: 2 | F58: 0.044329907 | G58: 0.044206467 | H58: 0.044177218 | I58: 0.044271372 | J58: 0.044375948 | K58: 0.04442914 | L58: 0.044571533 | M58: 0.044388712 | N58: 0.044279226 | O58: 0.04409034 | P58: 0.043819392
A59: SLV | B59: El Salvador | C59: PAHO | D59: Lower middle income | E59: 1 | F59: 0.03311454 | G59: 0.032577181 | H59: 0.032082086 | I59: 0.031584448 | J59: 0.031109062 | K59: 0.030662189 | L59: 0.030259354 | M59: 0.029830012 | N59: 0.029456237 | O59: 0.029110183 | P59: 0.028791028
A60: GNQ | B60: Equatorial Guinea | C60: AFRO | D60: Upper middle income | E60: 3 | F60: 0.054249004 | G60: 0.053578708 | H60: 0.052999771 | I60: 0.052362743 | J60: 0.051731308 | K60: 0.051107505 | L60: 0.050473616 | M60: 0.049929024 | N60: 0.049349071 | O60: 0.048779423 | P60: 0.048219113
A61: ERI | B61: Eritrea | C61: AFRO | D61: Low income | E61: 3 | F61: 0.053825773 | G61: 0.05385288 | H61: 0.053365194 | I61: 0.052978983 | J61: 0.052548447 | K61: 0.052118556 | L61: 0.051785467 | M61: 0.051315497 | N61: 0.050888074 | O61: 0.050417063 | P61: 0.049881402
A62: EST | B62: Estonia | C62: EURO | D62: High income | E62: 1 | F62: 0.022690358 | G62: 0.022363501 | H62: 0.022350732 | I62: 0.022315437 | J62: 0.022354622 | K62: 0.022469599 | L62: 0.022689113 | M62: 0.022985022 | N62: 0.023357628 | O62: 0.023769023 | P62: 0.024177383
A63: ETH | B63: Ethiopia | C63: AFRO | D63: Low income | E63: Key | F63: 0.053414433 | G63: 0.05253994 | H63: 0.051724043 | I63: 0.050914737 | J63: 0.050130628 | K63: 0.049371739 | L63: 0.048656788 | M63: 0.047950557 | N63: 0.047279814 | O63: 0.04664329 | P63: 0.046042064
A64: FJI | B64: Fiji | C64: WPRO | D64: Upper middle income | E64: 4 | F64: 0.038034199 | G64: 0.03792254 | H64: 0.037765986 | I64: 0.037649109 | J64: 0.037510841 | K64: 0.037332111 | L64: 0.037233303 | M64: 0.036900221 | N64: 0.036628693 | O64: 0.036340349 | P64: 0.036052565
A65: FIN | B65: Finland | C65: EURO | D65: High income | E65: 1 | F65: 0.023210285 | G65: 0.023387413 | H65: 0.023482763 | I65: 0.023647308 | J65: 0.023810309 | K65: 0.023956819 | L65: 0.02407903 | M65: 0.024217703 | N65: 0.024311425 | O65: 0.024384844 | P65: 0.02444684
A66: FRA | B66: France | C66: EURO | D66: High income | E66: 1 | F66: 0.027141851 | G66: 0.027153458 | H66: 0.027314945 | I66: 0.027509375 | J66: 0.02771605 | K66: 0.027898205 | L66: 0.028120806 | M66: 0.028187794 | N66: 0.028298673 | O66: 0.028381475 | P66: 0.028429144
A67: GAB | B67: Gabon | C67: AFRO | D67: Upper middle income | E67: 3 | F67: 0.049597241 | G67: 0.049250217 | H67: 0.048490548 | I67: 0.047910144 | J67: 0.047385273 | K67: 0.046958791 | L67: 0.046716605 | M67: 0.046439131 | N67: 0.046272402 | O67: 0.046134286 | P67: 0.046002563
A68: GMB | B68: Gambia | C68: AFRO | D68: Low income | E68: 3 | F68: 0.063657062 | G68: 0.06285701 | H68: 0.061940242 | I68: 0.061096165 | J68: 0.060275485 | K68: 0.059483085 | L68: 0.058737396 | M68: 0.057970248 | N68: 0.057243243 | O68: 0.056521781 | P68: 0.055799643
A69: GEO | B69: Georgia | C69: EURO | D69: Upper middle income | E69: 1 | F69: 0.02717567 | G69: 0.027306038 | H69: 0.027273788 | I69: 0.027391053 | J69: 0.027534066 | K69: 0.027694932 | L69: 0.027977652 | M69: 0.028101813 | N69: 0.028318563 | O69: 0.028527196 | P69: 0.02871731
A70: DEU | B70: Germany | C70: EURO | D70: High income | E70: 1 | F70: 0.024267686 | G70: 0.024469887 | H70: 0.024375695 | I70: 0.024308893 | J70: 0.024228337 | K70: 0.024169912 | L70: 0.024134672 | M70: 0.024155014 | N70: 0.024154888 | O70: 0.024149646 | P70: 0.02414265
A71: GHA | B71: Ghana | C71: AFRO | D71: Lower middle income | E71: 3 | F71: 0.050915442 | G71: 0.050507796 | H71: 0.050091319 | I71: 0.049714024 | J71: 0.049345215 | K71: 0.048975895 | L71: 0.048652639 | M71: 0.048273617 | N71: 0.047919858 | O71: 0.047566915 | P71: 0.047215525
A72: GRC | B72: Greece | C72: EURO | D72: High income | E72: 1 | F72: 0.017913833 | G72: 0.018250366 | H72: 0.018562729 | I72: 0.018945488 | J72: 0.019341119 | K72: 0.01972927 | L72: 0.020161083 | M72: 0.020450268 | N72: 0.020768887 | O72: 0.021064317 | P72: 0.021341556
A73: GRD | B73: Grenada | C73: PAHO | D73: Upper middle income | E73: 1 | F73: 0.028508108 | G73: 0.028089283 | H73: 0.027875383 | I73: 0.027682271 | J73: 0.027564844 | K73: 0.027492791 | L73: 0.027558978 | M73: 0.027533852 | N73: 0.027613373 | O73: 0.027674767 | P73: 0.027733607
A74: GTM | B74: Guatemala | C74: PAHO | D74: Upper middle income | E74: 1 | F74: 0.042290534 | G74: 0.041672503 | H74: 0.041114836 | I74: 0.040544141 | J74: 0.03997185 | K74: 0.039391686 | L74: 0.038834776 | M74: 0.038218762 | N74: 0.037639365 | O74: 0.037089702 | P74: 0.036584082
A75: GIN | B75: Guinea | C75: AFRO | D75: Low income | E75: 3 | F75: 0.061310989 | G75: 0.060584584 | H75: 0.059793106 | I75: 0.059036931 | J75: 0.058288523 | K75: 0.057550603 | L75: 0.056853985 | M75: 0.056123584 | N75: 0.055429269 | O75: 0.054747747 | P75: 0.054079308
... A81: ISL | B81: Iceland | C81: EURO | D81: High income | E81: 1 | F81: 0.026350552 | G81: 0.026093282 | H81: 0.02622395 | I81: 0.026299986 | J81: 0.02639274 | K81: 0.026448069 | L81: 0.026468539 | M81: 0.026473768 | N81: 0.026449323 | O81: 0.026408717 | P81: 0.026365277
A82: IND | B82: India | C82: SEARO | D82: Lower middle income | E82: Key | F82: 0.032940231 | G82: 0.032620225 | H82: 0.032298885 | I82: 0.031940508 | J82: 0.031557408 | K82: 0.031151978 | L82: 0.030757608 | M82: 0.030321807 | N82: 0.029888299 | O82: 0.029467486 | P82: 0.029073995
A83: IDN | B83: Indonesia | C83: SEARO | D83: Upper middle income | E83: Key | F83: 0.03306439 | G83: 0.032821219 | H83: 0.032570217 | I83: 0.032370546 | J83: 0.032182479 | K83: 0.03199344 | L83: 0.031830731 | M83: 0.031661507 | N83: 0.031493407 | O83: 0.031321492 | P83: 0.031143945
A84: IRN | B84: Iran, Islamic Republic of | C84: EMRO | D84: Upper middle income | E84: 2 | F84: 0.029577736 | G84: 0.029413502 | H84: 0.028769337 | I84: 0.028297817 | J84: 0.027895645 | K84: 0.027627697 | L84: 0.027570375 | M84: 0.027523286 | N84: 0.027609891 | O84: 0.027735562 | P84: 0.027870243
A85: IRQ | B85: Iraq | C85: EMRO | D85: Upper middle income | E85: 2 | F85: 0.050580593 | G85: 0.049950629 | H85: 0.049552521 | I85: 0.049167417 | J85: 0.048804186 | K85: 0.048422377 | L85: 0.048028354 | M85: 0.047646373 | N85: 0.047237826 | O85: 0.046818004 | P85: 0.046389319
A86: IRL | B86: Ireland | C86: EURO | D86: High income | E86: 1 | F86: 0.024542809 | G86: 0.024529527 | H86: 0.024818631 | I86: 0.025146776 | J86: 0.025509863 | K86: 0.025854158 | L86: 0.026238121 | M86: 0.026465983 | N86: 0.026739533 | O86: 0.026999023 | P86: 0.027248855
A87: ISR | B87: Israel | C87: EURO | D87: High income | E87: 1 | F87: 0.040445813 | G87: 0.040345135 | H87: 0.040171306 | I87: 0.040065052 | J87: 0.039972361 | K87: 0.039891787 | L87: 0.039862619 | M87: 0.03977841 | N87: 0.039731736 | O87: 0.03968986 | P87: 0.039649198
A88: ITA | B88: Italy | C88: EURO | D88: High income | E88: 1 | F88: 0.019239591 | G88: 0.019527061 | H88: 0.019742689 | I88: 0.020014088 | J88: 0.020291778 | K88: 0.020572182 | L88: 0.020849571 | M88: 0.021151287 | N88: 0.02142877 | O88: 0.021690009 | P88: 0.02192604
A89: JAM | B89: Jamaica | C89: PAHO | D89: Upper middle income | E89: 1 | F89: 0.029617689 | G89: 0.029274544 | H89: 0.028933466 | I89: 0.028643645 | J89: 0.028372484 | K89: 0.028107691 | L89: 0.027912721 | M89: 0.027621373 | N89: 0.027395183 | O89: 0.027183208 | P89: 0.026984288
A90: JPN | B90: Japan | C90: WPRO | D90: High income | E90: 4 | F90: 0.019860354 | G90: 0.019995446 | H90: 0.020143783 | I90: 0.020342731 | J90: 0.02055703 | K90: 0.020778147 | L90: 0.02102035 | M90: 0.021259374 | N90: 0.021519587 | O90: 0.021790208 | P90: 0.022055378
A91: JOR | B91: Jordan | C91: EMRO | D91: Upper middle income | E91: 2 | F91: 0.038340659 | G91: 0.03760493 | H91: 0.037500121 | I91: 0.037382671 | J91: 0.0372937 | K91: 0.037128186 | L91: 0.036805229 | M91: 0.036363422 | N91: 0.035896569 | O91: 0.035398993 | P91: 0.034887349
A92: KAZ | B92: Kazakhstan | C92: EURO | D92: Upper middle income | E92: 2 | F92: 0.035289732 | G92: 0.035619295 | H92: 0.035539929 | I92: 0.0357019 | J92: 0.03588337 | K92: 0.036088032 | L92: 0.036472975 | M92: 0.036591915 | N92: 0.03682841 | O92: 0.037008933 | P92: 0.037107021
A93: KEN | B93: Kenya | C93: AFRO | D93: Lower middle income | E93: 3 | F93: 0.050029321 | G93: 0.049415851 | H93: 0.049038716 | I93: 0.048606385 | J93: 0.048138635 | K93: 0.047594259 | L93: 0.047010539 | M93: 0.046309142 | N93: 0.045606086 | O93: 0.044916381 | P93: 0.04427032
A94: KIR | B94: Kiribati | C94: WPRO | D94: Lower middle income | E94: 4 | F94: 0.046142376 | G94: 0.045677637 | H94: 0.045235452 | I94: 0.044852507 | J94: 0.044562876 | K94: 0.044353236 | L94: 0.044262084 | M94: 0.044214009 | N94: 0.044223795 | O94: 0.044241127 | P94: 0.044269411
A95: KOR | B95: Korea, Republic of | C95: WPRO | D95: High income | E95: 1 | F95: 0.017376428 | G95: 0.01759797 | H95: 0.017915452 | I95: 0.018250688 | J95: 0.018511273 | K95: 0.018628762 | L95: 0.018661648 | M95: 0.018360065 | N95: 0.018082689 | O95: 0.017856221 | P95: 0.017769984
... A122: MAR | B122: Morocco | C122: EMRO | D122: Lower middle income | E122: 3 | F122: 0.033421183 | G122: 0.033022898 | H122: 0.032712875 | I122: 0.032461789 | J122: 0.032242815 | K122: 0.032033243 | L122: 0.031853136 | M122: 0.031652822 | N122: 0.031477798 | O122: 0.031310055 | P122: 0.031147835
A123: MOZ | B123: Mozambique | C123: AFRO | D123: Low income | E123: Key | F123: 0.06405797 | G123: 0.06334475 | H123: 0.062607533 | I123: 0.061887494 | J123: 0.061175328 | K123: 0.060472347 | L123: 0.059802882 | M123: 0.059132324 | N123: 0.058468647 | O123: 0.057797982 | P123: 0.057115252
A124: MMR | B124: Myanmar | C124: SEARO | D124: Lower middle income | E124: 4 | F124: 0.032943361 | G124: 0.032746048 | H124: 0.032470439 | I124: 0.032176147 | J124: 0.031856017 | K124: 0.031519305 | L124: 0.03120615 | M124: 0.030853969 | N124: 0.030503965 | O124: 0.030163908 | P124: 0.029846033
A125: NAM | B125: Namibia | C125: AFRO | D125: Upper middle income | E125: 3 | F125: 0.047755324 | G125: 0.047303376 | H125: 0.046834611 | I125: 0.046433569 | J125: 0.046045719 | K125: 0.045658693 | L125: 0.045345876 | M125: 0.044900511 | N125: 0.044523937 | O125: 0.04415516 | P125: 0.043796544
A126: NRU | B126: Nauru | C126: WPRO | D126: High income | E126: 1 | F126: 0 | G126: 0 | H126: 0 | I126: 0 | J126: 0 | K126: 0 | L126: 0 | M126: 0 | N126: 0 | O126: 0 | P126: 0
A127: NPL | B127: Nepal | C127: SEARO | D127: Lower middle income | E127: 4 | F127: 0.030626579 | G127: 0.029576128 | H127: 0.029256704 | I127: 0.028780587 | J127: 0.028322824 | K127: 0.027809469 | L127: 0.027300576 | M127: 0.026598057 | N127: 0.025964635 | O127: 0.025382146 | P127: 0.024890956
A128: NLD | B128: Netherlands | C128: EURO | D128: High income | E128: 1 | F128: 0.025950954 | G128: 0.025894963 | H128: 0.026078592 | I128: 0.026186171 | J128: 0.026277572 | K128: 0.026321851 | L128: 0.02630819 | M128: 0.026276973 | N128: 0.026194928 | O128: 0.026090542 | P128: 0.025974816
A129: NZL | B129: New Zealand | C129: WPRO | D129: High income | E129: 1 | F129: 0.028565799 | G129: 0.028407192 | H129: 0.028355095 | I129: 0.028278159 | J129: 0.028208775 | K129: 0.02814248 | L129: 0.02807822 | M129: 0.028048198 | N129: 0.028008601 | O129: 0.027969548 | P129: 0.027922835
A130: NIC | B130: Nicaragua | C130: PAHO | D130: Lower middle income | E130: 2 | F130: 0.035293334 | G130: 0.034913703 | H130: 0.034463043 | I130: 0.034060108 | J130: 0.033668564 | K130: 0.033291564 | L130: 0.032965538 | M130: 0.032601011 | N130: 0.032273415 | O130: 0.031958834 | P130: 0.031658381
A131: NER | B131: Niger | C131: AFRO | D131: Low income | E131: 3 | F131: 0.079532385 | G131: 0.078910123 | H131: 0.078109376 | I131: 0.077382386 | J131: 0.076635636 | K131: 0.075866599 | L131: 0.07512337 | M131: 0.074234532 | N131: 0.07340531 | O131: 0.072572096 | P131: 0.071738079
A132: NGA | B132: Nigeria | C132: AFRO | D132: Lower middle income | E132: Key | F132: 0.064470343 | G132: 0.064009275 | H132: 0.063380863 | I132: 0.062840499 | J132: 0.062298971 | K132: 0.061755019 | L132: 0.061254521 | M132: 0.060642062 | N132: 0.060083419 | O132: 0.059519857 | P132: 0.058949985
...

Sheet 2e. 2-15 pop
A1: Title | B1: 2-15 year old population
A2: Datasource | B2: UN WPP, Revision 2020
A4: ISO | B4: Country | C4: WHO | D4: WB Group (June 2020) | E4: MR MAP Group | F4: 2030 | G4: 2031 | H4: 2032 | I4: 2033 | J4: 2034 | K4: 2035 | L4: 2036 | M4: 2037 | N4: 2038 | O4: 2039 | P4: 2040
A5: AFG | B5: Afghanistan | C5: EMRO | D5: Low income | E5: Key | F5: 15935891 | G5: 16008429 | H5: 16077203 | I5: 16138363 | J5: 16191875 | K5: 16237399 | L5: 16278500 | M5: 16316156 | N5: 16343789 | O5: 16363325 | P5: 16375047
A6: ALB | B6: Albania | C6: EURO | D6: Upper middle income | E6: 1 | F6: 427080 | G6: 418790 | H6: 409949 | I6: 400851 | J6: 391235 | K6: 381137 | L6: 371146 | M6: 361243 | N6: 351218 | O6: 341335 | P6: 331826
A7: DZA | B7: Algeria | C7: AFRO | D7: Lower middle income | E7: 2 | F7: 13046543 | G7: 12887832 | H7: 12711745 | I7: 12492628 | J7: 12263228 | K7: 12045726 | L7: 11860513 | M7: 11704063 | N7: 11575251 | O7: 11476725 | P7: 11405031
A8: AND | B8: Andorra | C8: EURO | D8: High income | E8: 1 | F8: 0 | G8: 0 | H8: 0 | I8: 0 | J8: 0 | K8: 0 | L8: 0 | M8: 0 | N8: 0 | O8: 0 | P8: 0
A9: AGO | B9: Angola | C9: AFRO | D9: Lower middle income | E9: 3 | F9: 17462579 | G9: 17890038 | H9: 18330644 | I9: 18777284 | J9: 19231097 | K9: 19689174 | L9: 20166715 | M9: 20648519 | N9: 21128180 | O9: 21607087 | P9: 22084332
A10: ATG | B10: Antigua And Barbuda | C10: PAHO | D10: High income | E10: 1 | F10: 0 | G10: 19867 | H10: 19748 | I10: 19596 | J10: 19439 | K10: 19274 | L10: 19124 | M10: 18980 | N10: 18841 | O10: 18710 | P10: 18581
A11: ARG | B11: Argentina | C11: PAHO | D11: Upper middle income | E11: 1 | F11: 10371772 | G11: 10359037 | H11: 10344432 | I11: 10323518 | J11: 10299477 | K11: 10273134 | L11: 10249941 | M11: 10224526 | N11: 10199325 | O11: 10172327 | P11: 10142628
A12: ARM | B12: Armenia | C12: EURO | D12: Upper middle income | E12: 1 | F12: 521394 | G12: 509451 | H12: 497713 | I12: 485950 | J12: 474625 | K12: 464049 | L12: 454654 | M12: 446682 | N12: 439644 | O12: 433827 | P12: 429212
A13: AUS | B13: Australia | C13: WPRO | D13: High income | E13: 1 | F13: 4864993 | G13: 4874862 | H13: 4879073 | I13: 4873961 | J13: 4864335 | K13: 4853478 | L13: 4854809 | M13: 4856588 | N13: 4859279 | O13: 4863106 | P13: 4867707
A14: AUT | B14: Austria | C14: EURO | D14: High income | E14: 1 | F14: 1266064 | G14: 1267452 | H14: 1266001 | I14: 1262319 | J14: 1256590 | K14: 1249367 | L14: 1242427 | M14: 1234039 | N14: 1224910 | O14: 1215136 | P14: 1204934
A15: AZE | B15: Azerbaijan | C15: EURO | D15: Upper middle income | E15: 1 | F15: 2079065 | G15: 2032360 | H15: 1989105 | I15: 1945631 | J15: 1905770 | K15: 1870855 | L15: 1845566 | M15: 1827451 | N15: 1812990 | O15: 1803588 | P15: 1797725
A16: BHS | B16: Bahamas | C16: PAHO | D16: High income | E16: 1 | F16: 76523 | G16: 76842 | H16: 77037 | I16: 77085 | J16: 77024 | K16: 76901 | L16: 76858 | M16: 76712 | N16: 76530 | O16: 76276 | P16: 75961
A17: BHR | B17: Bahrain | C17: EMRO | D17: High income | E17: 1 | F17: 309281 | G17: 310619 | H17: 310769 | I17: 310967 | J17: 311421 | K17: 312025 | L17: 313305 | M17: 313433 | N17: 312663 | O17: 311904 | P17: 311336
A18: BGD | B18: Bangladesh | C18: SEARO | D18: Lower middle income | E18: Key | F18: 38688644 | G18: 38333914 | H18: 37959476 | I18: 37576295 | J18: 37175707 | K18: 36759102 | L18: 36330736 | M18: 35902942 | N18: 35460160 | O18: 35014366 | P18: 34571254
A19: BRB | B19: Barbados | C19: PAHO | D19: High income | E19: 1 | F19: 42073 | G19: 42043 | H19: 42010 | I19: 41952 | J19: 41876 | K19: 41776 | L19: 41699 | M19: 41597 | N19: 41456 | O19: 41281 | P19: 41066
A20: BLR | B20: Belarus | C20: EURO | D20: Upper middle income | E20: 2 | F20: 1461982 | G20: 1431907 | H20: 1401673 | I20: 1376366 | J20: 1352589 | K20: 1328756 | L20: 1307310 | M20: 1287034 | N20: 1267160 | O20: 1249222 | P20: 1234421
A21: BEL | B21: Belgium | C21: EURO | D21: High income | E21: 1 | F21: 1795261 | G21: 1787120 | H21: 1778966 | I21: 1772661 | J21: 1766893 | K21: 1761014 | L21: 1757198 | M21: 1753328 | N21: 1749446 | O21: 1745836 | P21: 1742814
A22: BLZ | B22: Belize | C22: PAHO | D22: Upper middle income | E22: 1 | F22: 112537 | G22: 112842 | H22: 112982 | I22: 113094 | J22: 113089 | K22: 112939 | L22: 112827 | M22: 112565 | N22: 112170 | O22: 111664 | P22: 111077
A23: BEN | B23: Benin | C23: AFRO | D23: Lower middle income | E23: 3 | F23: 5566595 | G23: 5672422 | H23: 5778723 | I23: 5882719 | J23: 5985405 | K23: 6086677 | L23: 6194791 | M23: 6302083 | N23: 6406154 | O23: 6507813 | P23: 6607098
A24: BTN | B24: Bhutan | C24: SEARO | D24: Lower middle income | E24: 2 | F24: 170956 | G24: 169566 | H24: 167852 | I24: 165731 | J24: 163320 | K24: 160776 | L24: 158234 | M24: 155652 | N24: 153008 | O24: 150348 | P24: 147704
A25: BOL | B25: Bolivia | C25: PAHO | D25: Lower middle income | E25: 2 | F25: 3309194 | G25: 3314863 | H25: 3320244 | I25: 3325905 | J25: 3330686 | K25: 3333654 | L25: 3336952 | M25: 3338056 | N25: 3337238 | O25: 3334205 | P25: 3329193
A26: BIH | B26: Bosnia and Herzegovina | C26: EURO | D26: Upper middle income | E26: 1 | F26: 352146 | G26: 344718 | H26: 338331 | I26: 333419 | J26: 329471 | K26: 326028 | L26: 323268 | M26: 320877 | N26: 318666 | O26: 316661 | P26: 314861
A27: BWA | B27: Botswana | C27: AFRO | D27: Upper middle income | E27: 2 | F27: 748781 | G27: 748402 | H27: 748262 | I27: 747662 | J27: 747209 | K27: 747098 | L27: 748145 | M27: 749561 | N27: 751274 | O27: 753228 | P27: 755213
A28: BRA | B28: Brazil | C28: PAHO | D28: Upper middle income | E28: Key | F28: 38735617 | G28: 38359705 | H28: 37957109 | I28: 37511101 | J28: 37041695 | K28: 36567060 | L28: 36139315 | M28: 35726683 | N28: 35310193 | O28: 34901568 | P28: 34499649
A29: BRN | B29: Brunei Darussalam | C29: WPRO | D29: High income | E29: 1 | F29: 84730 | G29: 83417 | H29: 82197 | I29: 81111 | J29: 80109 | K29: 79125 | L29: 78226 | M29: 77331 | N29: 76468 | O29: 75619 | P29: 74809
A30: BGR | B30: Bulgaria | C30: EURO | D30: Upper middle income | E30: 1 | F30: 831673 | G30: 820594 | H30: 809998 | I30: 799891 | J30: 790349 | K30: 781450 | L30: 772847 | M30: 765104 | N30: 758096 | O30: 751810 | P30: 746234
A31: BFA | B31: Burkina Faso | C31: AFRO | D31: Low income | E31: 3 | F31: 10176200 | G31: 10373148 | H31: 10573258 | I31: 10769826 | J31: 10965280 | K31: 11159492 | L31: 11362283 | M31: 11564782 | N31: 11763196 | O31: 11957875 | P31: 12148058
A32: BDI | B32: Burundi | C32: AFRO | D32: Low income | E32: 3 | F32: 5967828 | G32: 6068099 | H32: 6167346 | I32: 6265775 | J32: 6363677 | K32: 6461254 | L32: 6564792 | M32: 6669297 | N32: 6773114 | O32: 6877298 | P32: 6982181
A33: KHM | B33: Cambodia | C33: WPRO | D33: Lower middle income | E33: 4 | F33: 4811071 | G33: 4786877 | H33: 4762211 | I33: 4736139 | J33: 4710367 | K33: 4686320 | L33: 4667041 | M33: 4652813 | N33: 4639761 | O33: 4629445 | P33: 4621192
A34: CMR | B34: Cameroon | C34: AFRO | D34: Lower middle income | E34: 3 | F34: 11872714 | G34: 12051085 | H34: 12231395 | I34: 12406676 | J34: 12579989 | K34: 12751232 | L34: 12933828 | M34: 13114940 | N34: 13292091 | O34: 13465568 | P34: 13635016
A35: CAN | B35: Canada | C35: PAHO | D35: High income | E35: 1 | F35: 5717569 | G35: 5744380 | H35: 5759264 | I35: 5767562 | J35: 5770235 | K35: 5769089 | L35: 5792078 | M35: 5804705 | N35: 5816028 | O35: 5823944 | P35: 5828769
A36: CPV | B36: Cape Verde | C36: AFRO | D36: Lower middle income | E36: 2 | F36: 138181 | G36: 136605 | H36: 135119 | I36: 133645 | J36: 132209 | K36: 130802 | L36: 129409 | M36: 128158 | N36: 126894 | O36: 125697 | P36: 124586
A37: CAF | B37: Central African Republic | C37: AFRO | D37: Low income | E37: 3 | F37: 2125259 | G37: 2157070 | H37: 2190272 | I37: 2223706 | J37: 2256696 | K37: 2287899 | L37: 2319200 | M37: 2347786 | N37: 2373219 | O37: 2395313 | P37: 2414144
A38: TCD | B38: Chad | C38: AFRO | D38: Low income | E38: Key | F38: 8435298 | G38: 8600128 | H38: 8762546 | I38: 8917932 | J38: 9067972 | K38: 9212879 | L38: 9368260 | M38: 9520424 | N38: 9663551 | O38: 9800344 | P38: 9931538
A39: CHL | B39: Chile | C39: PAHO | D39: High income | E39: 2 | F39: 3123788 | G39: 3088189 | H39: 3054659 | I39: 3028386 | J39: 3003849 | K39: 2977860 | L39: 2957669 | M39: 2936566 | N39: 2912650 | O39: 2888397 | P39: 2864950
A40: CHN | B40: China | C40: WPRO | D40: Upper middle income | E40: 1 | F40: 219846657 | G40: 2.1673429e+08 | H40: 2.1368838e+08 | I40: 2.1047623e+08 | J40: 2.0734165e+08 | K40: 204399168 | L40: 201956963 | M40: 199818145 | N40: 197872652 | O40: 196169930 | P40: 1.9465207e+08
A41: COL | B41: Colombia | C41: PAHO | D41: Upper middle income | E41: 2 | F41: 9825721 | G41: 9735344 | H41: 9636684 | I41: 9523106 | J41: 9402334 | K41: 9281242 | L41: 9171377 | M41: 9066258 | N41: 8962128 | O41: 8861023 | P41: 8762047
A42: COM | B42: Comoros | C42: AFRO | D42: Lower middle income | E42: 3 | F42: 347571 | G42: 350891 | H42: 354191 | I42: 357398 | J42: 360546 | K42: 363642 | L42: 367055 | M42: 370479 | N42: 373775 | O42: 377005 | P42: 380181
A43: COG | B43: Congo | C43: AFRO | D43: Lower middle income | E43: 3 | F43: 2411018 | G43: 2449720 | H43: 2490837 | I43: 2533302 | J43: 2577299 | K43: 2622227 | L43: 2670053 | M43: 2718625 | N43: 2767154 | O43: 2815602 | P43: 2863599
A44: COK | B44: Cook Islands | C44: WPRO | D44: #N/A | E44: 1 | F44: 0 | G44: 0 | H44: 0 | I44: 0 | J44: 0 | K44: 0 | L44: 0 | M44: 0 | N44: 0 | O44: 0 | P44: 0
A45: CRI | B45: Costa Rica | C45: PAHO | D45: Upper middle income | E45: 2 | F45: 934259 | G45: 924114 | H45: 913539 | I45: 902726 | J45: 891705 | K45: 880657 | L45: 871374 | M45: 862623 | N45: 853671 | O45: 845026 | P45: 836725
A46: CIV | B46: Côte d'Ivoire | C46: AFRO | D46: Lower middle income | E46: 3 | F46: 12076356 | G46: 12301311 | H46: 12522512 | I46: 12734174 | J46: 12939395 | K46: 13139634 | L46: 13350675 | M46: 13558074 | N46: 13759667 | O46: 13956330 | P46: 14148530
A47: HRV | B47: Croatia | C47: EURO | D47: High income | E47: 1 | F47: 483708 | G47: 475642 | H47: 468169 | I47: 461011 | J47: 454340 | K47: 448114 | L47: 442477 | M47: 437334 | N47: 432607 | O47: 428255 | P47: 424197
A48: CUB | B48: Cuba | C48: PAHO | D48: Upper middle income | E48: 1 | F48: 1512004 | G48: 1486476 | H48: 1463072 | I48: 1442030 | J48: 1422695 | K48: 1404115 | L48: 1387288 | M48: 1371495 | N48: 1356271 | O48: 1341708 | P48: 1327649
A49: CYP | B49: Cyprus | C49: EURO | D49: High income | E49: 1 | F49: 174967 | G49: 172883 | H49: 170758 | I49: 168480 | J49: 166234 | K49: 164148 | L49: 163050 | M49: 162131 | N49: 161376 | O49: 160766 | P49: 160251
A50: CZE | B50: Czech Republic | C50: EURO | D50: High income | E50: 1 | F50: 1504067 | G50: 1492177 | H50: 1478359 | I50: 1461910 | J50: 1444924 | K50: 1429158 | L50: 1416687 | M50: 1405859 | N50: 1397487 | O50: 1391438 | P50: 1387491
A51: PRK | B51: Democratic Peoples Republic of Korea | C51: SEARO | D51: Low income | E51: 4 | F51: 4823180 | G51: 4816019 | H51: 4802475 | I51: 4779458 | J51: 4749477 | K51: 4714158 | L51: 4675365 | M51: 4631087 | N51: 4584743 | O51: 4534988 | P51: 4482300
A52: COD | B52: Democratic Republic of the Congo | C52: AFRO | D52: Low income | E52: Key | F52: 46215563 | G52: 47178550 | H52: 48147931 | I52: 49088976 | J52: 50017050 | K52: 50933436 | L52: 51912360 | M52: 52892311 | N52: 53835725 | O52: 54756153 | P52: 55651592
A53: DNK | B53: Denmark | C53: EURO | D53: High income | E53: 1 | F53: 910408 | G53: 920473 | H53: 928881 | I53: 935919 | J53: 941435 | K53: 945548 | L53: 950227 | M53: 952992 | N53: 954501 | O53: 954473 | P53: 953062
A54: DJI | B54: Djibouti | C54: EMRO | D54: Lower middle income | E54: 3 | F54: 268406 | G54: 266921 | H54: 265275 | I54: 263461 | J54: 261527 | K54: 259495 | L54: 257765 | M54: 255978 | N54: 254158 | O54: 252353 | P54: 250586
A55: DOM | B55: Dominica | C55: PAHO | D55: Upper middle income | E55: 2 | F55: 2704518 | G55: 2685797 | H55: 2666541 | I55: 2645042 | J55: 2622470 | K55: 2599561 | L55: 2576829 | M55: 2555374 | N55: 2533862 | O55: 2512782 | P55: 2492035
A56: DOM | B56: Dominican Republic | C56: PAHO | D56: Upper middle income | E56: 2 | F56: 2704518 | G56: 2685797 | H56: 2666541 | I56: 2645042 | J56: 2622470 | K56: 2599561 | L56: 2576829 | M56: 2555374 | N56: 2533862 | O56: 2512782 | P56: 2492035
A57: ECU | B57: Ecuador | C57: PAHO | D57: Upper middle income | E57: 2 | F57: 4609133 | G57: 4606261 | H57: 4599448 | I57: 4588409 | J57: 4573982 | K57: 4557446 | L57: 4543192 | M57: 4528540 | N57: 4512241 | O57: 4495132 | P57: 4477294
A58: EGY | B58: Egypt | C58: EMRO | D58: Lower middle income | E58: 2 | F58: 35003467 | G58: 34963343 | H58: 34947034 | I58: 34957108 | J58: 35002159 | K58: 35084071 | L58: 35248383 | M58: 35476959 | N58: 35728978 | O58: 36023241 | P58: 36352161
A59: SLV | B59: El Salvador | C59: PAHO | D59: Lower middle income | E59: 1 | F59: 1522828 | G59: 1508066 | H59: 1492150 | I59: 1475177 | J59: 1457351 | K59: 1439130 | L59: 1418896 | M59: 1399001 | N59: 1378942 | O59: 1359025 | P59: 1339385
A60: GNQ | B60: Equatorial Guinea | C60: AFRO | D60: Upper middle income | E60: 3 | F60: 596247 | G60: 609594 | H60: 621560 | I60: 632776 | J60: 643394 | K60: 653503 | L60: 664944 | M60: 675063 | N60: 684382 | O60: 693010 | P60: 701037
A61: ERI | B61: Eritrea | C61: AFRO | D61: Low income | E61: 3 | F61: 1390332 | G61: 1401645 | H61: 1414950 | I61: 1427877 | J61: 1441831 | K61: 1457302 | L61: 1474316 | M61: 1493127 | N61: 1512840 | O61: 1533283 | P61: 1553750
A62: EST | B62: Estonia | C62: EURO | D62: High income | E62: 1 | F62: 183951 | G62: 180807 | H62: 177630 | I62: 174743 | J62: 171937 | K62: 169145 | L62: 166477 | M62: 163959 | N62: 161558 | O62: 159338 | P62: 157377
A63: ETH | B63: Ethiopia | C63: AFRO | D63: Low income | E63: Key | F63: 48300235 | G63: 48844420 | H63: 49341917 | I63: 49797151 | J63: 50207380 | K63: 50575399 | L63: 50939502 | M63: 51267060 | N63: 51555387 | O63: 51811051 | P63: 52041222
A64: FJI | B64: Fiji | C64: WPRO | D64: Upper middle income | E64: 4 | F64: 242999 | G64: 242158 | H64: 241305 | I64: 240372 | J64: 239428 | K64: 238542 | L64: 237847 | M64: 237377 | N64: 236905 | O64: 236521 | P64: 236207
A65: FIN | B65: Finland | C65: EURO | D65: High income | E65: 1 | F65: 726702 | G65: 718512 | H65: 712057 | I65: 707216 | J65: 704064 | K65: 702048 | L65: 701761 | M65: 701953 | N65: 702940 | O65: 704500 | P65: 706361
A66: FRA | B66: France | C66: EURO | D66: High income | E66: 1 | F66: 10184600 | G66: 10129560 | H66: 10087509 | I66: 10061643 | J66: 10042310 | K66: 10022091 | L66: 10017727 | M66: 10019117 | N66: 10013598 | O66: 10005646 | P66: 9997055
A67: GAB | B67: Gabon | C67: AFRO | D67: Upper middle income | E67: 3 | F67: 885508 | G67: 890504 | H67: 894638 | I67: 896563 | J67: 897692 | K67: 898942 | L67: 901636 | M67: 905134 | N67: 909252 | O67: 914135 | P67: 919638
A68: GMB | B68: Gambia | C68: AFRO | D68: Low income | E68: 3 | F68: 1181803 | G68: 1203197 | H68: 1223697 | I68: 1242766 | J68: 1260735 | K68: 1277776 | L68: 1296318 | M68: 1313997 | N68: 1330600 | O68: 1346237 | P68: 1360994
A69: GEO | B69: Georgia | C69: EURO | D69: Upper middle income | E69: 1 | F69: 687483 | G69: 673363 | H69: 660412 | I69: 647943 | J69: 636511 | K69: 626168 | L69: 617171 | M69: 609912 | N69: 603725 | O69: 598790 | P69: 594910
A70: DEU | B70: Germany | C70: EURO | D70: High income | E70: 1 | F70: 11156427 | G70: 11142891 | H70: 11112153 | I70: 11048172 | J70: 10970390 | K70: 10890210 | L70: 10821072 | M70: 10750854 | N70: 10685487 | O70: 10621236 | P70: 10554928
A71: GHA | B71: Ghana | C71: AFRO | D71: Lower middle income | E71: 3 | F71: 11886816 | G71: 12002854 | H71: 12117732 | I71: 12229957 | J71: 12339915 | K71: 12447212 | L71: 12564988 | M71: 12681976 | N71: 12795230 | O71: 12906065 | P71: 13014771
A72: GRC | B72: Greece | C72: EURO | D72: High income | E72: 1 | F72: 1051121 | G72: 1030019 | H72: 1011457 | I72: 994987 | J72: 981123 | K72: 969929 | L72: 963385 | M72: 959559 | N72: 957391 | O72: 957160 | P72: 958418
A73: GRD | B73: Grenada | C73: PAHO | D73: Upper middle income | E73: 1 | F73: 23672 | G73: 23301 | H73: 22912 | I73: 22521 | J73: 22126 | K73: 21739 | L73: 21368 | M73: 21033 | N73: 20711 | O73: 20422 | P73: 20164
A74: GTM | B74: Guatemala | C74: PAHO | D74: Upper middle income | E74: 1 | F74: 5815430 | G74: 5835231 | H74: 5850929 | I74: 5863066 | J74: 5870976 | K74: 5874957 | L74: 5878563 | M74: 5879623 | N74: 5876388 | O74: 5869973 | P74: 5860849
A75: GIN | B75: Guinea | C75: AFRO | D75: Low income | E75: 3 | F75: 6130192 | G75: 6238173 | H75: 6344235 | I75: 6446426 | J75: 6545064 | K75: 6640085 | L75: 6738168 | M75: 6833076 | N75: 6923229 | O75: 7009198 | P75: 7091366
... A81: ISL | B81: Iceland | C81: EURO | D81: High income | E81: 1 | F81: 56885 | G81: 56451 | H81: 56057 | I81: 55810 | J81: 55610 | K81: 55398 | L81: 55281 | M81: 55138 | N81: 54960 | O81: 54761 | P81: 54562
A82: IND | B82: India | C82: SEARO | D82: Lower middle income | E82: Key | F82: 3.2309463e+08 | G82: 3.2265211e+08 | H82: 322066674 | I82: 321338516 | J82: 3.2042054e+08 | K82: 319304010 | L82: 318265424 | M82: 3.1701518e+08 | N82: 3.1549098e+08 | O82: 313716905 | P82: 311707003
A83: IDN | B83: Indonesia | C83: SEARO | D83: Upper middle income | E83: Key | F83: 64980155 | G83: 64676474 | H83: 64404855 | I83: 64156874 | J83: 63926946 | K83: 63695296 | L83: 63504421 | M83: 63310371 | N83: 63110567 | O83: 62902657 | P83: 62683792
A84: IRN | B84: Iran, Islamic Republic of | C84: EMRO | D84: Upper middle income | E84: 2 | F84: 19828904 | G84: 19616369 | H84: 19365727 | I84: 19030946 | J84: 18666781 | K84: 18312230 | L84: 17997727 | M84: 17718074 | N84: 17470742 | O84: 17258753 | P84: 17076039
A85: IRQ | B85: Iraq | C85: EMRO | D85: Upper middle income | E85: 2 | F85: 15705871 | G85: 15866053 | H85: 16032577 | I85: 16216121 | J85: 16404975 | K85: 16588939 | L85: 16774809 | M85: 16952235 | N85: 17121825 | O85: 17283150 | P85: 17437755
A86: IRL | B86: Ireland | C86: EURO | D86: High income | E86: 1 | F86: 838098 | G86: 823888 | H86: 811163 | I86: 801244 | J86: 793358 | K86: 786972 | L86: 783604 | M86: 781802 | N86: 780905 | O86: 781411 | P86: 783310
A87: ISR | B87: Israel | C87: EURO | D87: High income | E87: 1 | F87: 2389471 | G87: 2397523 | H87: 2406055 | I87: 2414326 | J87: 2423345 | K87: 2433435 | L87: 2447549 | M87: 2463192 | N87: 2479885 | O87: 2497936 | P87: 2517028
A88: ITA | B88: Italy | C88: EURO | D88: High income | E88: 1 | F88: 6274430 | G88: 6191472 | H88: 6123005 | I88: 6066679 | J88: 6023969 | K88: 5991690 | L88: 5976257 | M88: 5966840 | N88: 5964765 | O88: 5967064 | P88: 5970791
A89: JAM | B89: Jamaica | C89: PAHO | D89: Upper middle income | E89: 1 | F89: 614603 | G89: 607435 | H89: 600281 | I89: 592911 | J89: 585340 | K89: 577588 | L89: 569371 | M89: 561504 | N89: 553545 | O89: 545693 | P89: 537991
A90: JPN | B90: Japan | C90: WPRO | D90: High income | E90: 4 | F90: 12787148 | G90: 12605943 | H90: 12449448 | I90: 12316877 | J90: 12204065 | K90: 12102463 | L90: 12034664 | M90: 11976965 | N90: 11926867 | O90: 11882402 | P90: 11840071
A91: JOR | B91: Jordan | C91: EMRO | D91: Upper middle income | E91: 2 | F91: 2662667 | G91: 2646520 | H91: 2636793 | I91: 2639253 | J91: 2647511 | K91: 2656954 | L91: 2669764 | M91: 2681193 | N91: 2689359 | O91: 2694702 | P91: 2697764
A92: KAZ | B92: Kazakhstan | C92: EURO | D92: Upper middle income | E92: 2 | F92: 4973053 | G92: 4900103 | H92: 4834740 | I92: 4768542 | J92: 4710836 | K92: 4665287 | L92: 4638934 | M92: 4629481 | N92: 4631587 | O92: 4646805 | P92: 4671922
A93: KEN | B93: Kenya | C93: AFRO | D93: Lower middle income | E93: 3 | F93: 20541498 | G93: 20753338 | H93: 20972406 | I93: 21214617 | J93: 21460620 | K93: 21695572 | L93: 21934663 | M93: 22157548 | N93: 22355338 | O93: 22531611 | P93: 22688718
A94: KIR | B94: Kiribati | C94: WPRO | D94: Lower middle income | E94: 4 | F94: 41949 | G94: 42013 | H94: 42053 | I94: 42064 | J94: 42055 | K94: 42038 | L94: 42032 | M94: 42054 | N94: 42092 | O94: 42159 | P94: 42257
A95: KOR | B95: Korea, Republic of | C95: WPRO | D95: High income | E95: 1 | F95: 5097750 | G95: 5017026 | H95: 4953157 | I95: 4908931 | J95: 4877282 | K95: 4849586 | L95: 4837148 | M95: 4826482 | N95: 4808571 | O95: 4788804 | P95: 4766499
... A122: MAR | B122: Morocco | C122: EMRO | D122: Lower middle income | E122: 3 | F122: 9039926 | G122: 8969331 | H122: 8901945 | I122: 8840089 | J122: 8781264 | K122: 8722348 | L122: 8670848 | M122: 8621085 | N122: 8571629 | O122: 8523547 | P122: 8477402
A123: MOZ | B123: Mozambique | C123: AFRO | D123: Low income | E123: Key | F123: 15357591 | G123: 15669260 | H123: 15977906 | I123: 16281514 | J123: 16579485 | K123: 16870770 | L123: 17166849 | M123: 17455656 | N123: 17735782 | O123: 18007353 | P123: 18270880
A124: MMR | B124: Myanmar | C124: SEARO | D124: Lower middle income | E124: 4 | F124: 12451285 | G124: 12445938 | H124: 12436081 | I124: 12416843 | J124: 12389768 | K124: 12355983 | L124: 12326836 | M124: 12290802 | N124: 12245545 | O124: 12191378 | P124: 12128175
A125: NAM | B125: Namibia | C125: AFRO | D125: Upper middle income | E125: 3 | F125: 936946 | G125: 940072 | H125: 943087 | I125: 945793 | J125: 948425 | K125: 951090 | L125: 954561 | M125: 958501 | N125: 962393 | O125: 966500 | P125: 970818
A126: NRU | B126: Nauru | C126: WPRO | D126: High income | E126: 1 | F126: 0 | G126: 0 | H126: 0 | I126: 0 | J126: 0 | K126: 0 | L126: 0 | M126: 0 | N126: 0 | O126: 0 | P126: 0
A127: NPL | B127: Nepal | C127: SEARO | D127: Lower middle income | E127: 4 | F127: 7474709 | G127: 7414338 | H127: 7338273 | I127: 7269425 | J127: 7191914 | K127: 7101654 | L127: 6998914 | M127: 6889742 | N127: 6765802 | O127: 6634841 | P127: 6503036
A128: NLD | B128: Netherlands | C128: EURO | D128: High income | E128: 1 | F128: 2456661 | G128: 2458784 | H128: 2459998 | I128: 2463735 | J128: 2466761 | K128: 2467430 | L128: 2469277 | M128: 2467965 | N128: 2463710 | O128: 2456776 | P128: 2447770
A129: NZL | B129: New Zealand | C129: WPRO | D129: High income | E129: 1 | F129: 863231 | G129: 862599 | H129: 861831 | I129: 861441 | J129: 860906 | K129: 859889 | L129: 859708 | M129: 859003 | N129: 857852 | O129: 856222 | P129: 854242
A130: NIC | B130: Nicaragua | C130: PAHO | D130: Lower middle income | E130: 2 | F130: 1759791 | G130: 1748507 | H130: 1737117 | I130: 1724989 | J130: 1712839 | K130: 1701008 | L130: 1690040 | M130: 1679831 | N130: 1670026 | O130: 1660738 | P130: 1651744
A131: NER | B131: Niger | C131: AFRO | D131: Low income | E131: 3 | F131: 14690143 | G131: 15151217 | H131: 15621219 | I131: 16091453 | J131: 16565000 | K131: 17041338 | L131: 17537991 | M131: 18039124 | N131: 18536201 | O131: 19031801 | P131: 19525285
A132: NGA | B132: Nigeria | C132: AFRO | D132: Lower middle income | E132: Key | F132: 97148755 | G132: 98852557 | H132: 1.0057928e+08 | I132: 102264546 | J132: 1.0393333e+08 | K132: 1.0558668e+08 | L132: 107360384 | M132: 1.0913599e+08 | N132: 110862957 | O132: 112554390 | P132: 1.1420796e+08
...

Sheet 2f. 2-15 pop %
A1: Title | B1: 2-15 year olds % to total population (up to 65 years of age)
A2: Datasource | B2: UN WPP, Revision 2020
A4: ISO | B4: Country | C4: WHO | D4: WB Group (June 2020) | E4: MR MAP Group | F4: 2030 | G4: 2031 | H4: 2032 | I4: 2033 | J4: 2034 | K4: 2035 | L4: 2036 | M4: 2037 | N4: 2038 | O4: 2039 | P4: 2040
A5: AFG | B5: Afghanistan | C5: EMRO | D5: Low income | E5: Key | F5: 0.2906081 | G5: 0.2895676 | H5: 0.28827639 | I5: 0.28676242 | J5: 0.28503541 | K5: 0.28312336 | L5: 0.28120304 | M5: 0.27906447 | N5: 0.27681779 | O5: 0.27458948 | P5: 0.27246342
A6: ALB | B6: Albania | C6: EURO | D6: Upper middle income | E6: 1 | F6: 0.20279867 | G6: 0.20094913 | H6: 0.19943209 | I6: 0.19841682 | J6: 0.19813039 | K6: 0.19869632 | L6: 0.19973309 | M6: 0.20147072 | N6: 0.20360344 | O6: 0.205536 | P6: 0.2067936
A7: DZA | B7: Algeria | C7: AFRO | D7: Lower middle income | E7: 2 | F7: 0.22305993 | G7: 0.22997539 | H7: 0.2375006 | I7: 0.24525523 | J7: 0.25245124 | K7: 0.25839963 | L7: 0.26292257 | M7: 0.265944 | N7: 0.26748403 | O7: 0.26778472 | P7: 0.26711184
A8: AND | B8: Andorra | C8: EURO | D8: High income | E8: 1 | F8: 0 | G8: 0 | H8: 0 | I8: 0 | J8: 0 | K8: 0 | L8: 0 | M8: 0 | N8: 0 | O8: 0 | P8: 0
A9: AGO | B9: Angola | C9: AFRO | D9: Lower middle income | E9: 3 | F9: 0.26660704 | G9: 0.26769134 | H9: 0.2684869 | I9: 0.2689615 | J9: 0.26913623 | K9: 0.26908133 | L9: 0.26884794 | M9: 0.26846311 | N9: 0.267964 | O9: 0.26739892 | P9: 0.26680483
A10: ATG | B10: Antigua And Barbuda | C10: PAHO | D10: High income | E10: 1 | F10: 0 | G10: 0.21321275 | H10: 0.21388722 | I10: 0.21492436 | J10: 0.21615439 | K10: 0.21741276 | L10: 0.21879152 | M10: 0.22015151 | N10: 0.22130705 | O10: 0.22211929 | P10: 0.22256839
A11: ARG | B11: Argentina | C11: PAHO | D11: Upper middle income | E11: 1 | F11: 0.23267597 | G11: 0.23238547 | H11: 0.23204675 | I11: 0.23166917 | J11: 0.23127127 | K11: 0.23086642 | L11: 0.23057356 | M11: 0.23023897 | N11: 0.22983072 | O11: 0.22934068 | P11: 0.22878819
A12: ARM | B12: Armenia | C12: EURO | D12: Upper middle income | E12: 1 | F12: 0.20703112 | G12: 0.21159494 | H12: 0.21592682 | I12: 0.21981009 | J12: 0.22299042 | K12: 0.2253084 | L12: 0.22675837 | M12: 0.22714711 | N12: 0.2265353 | O12: 0.22511212 | P12: 0.22306414
A13: AUS | B13: Australia | C13: WPRO | D13: High income | E13: 1 | F13: 0.21321692 | G13: 0.21510928 | H13: 0.21717826 | I13: 0.21927136 | J13: 0.2211491 | K13: 0.2226246 | L13: 0.22378957 | M13: 0.22453306 | N13: 0.2249042 | O13: 0.22499291 | P13: 0.22483926
A14: AUT | B14: Austria | C14: EURO | D14: High income | E14: 1 | F14: 0.17874308 | G14: 0.17936843 | H14: 0.18037418 | I14: 0.18173454 | J14: 0.18333952 | K14: 0.18502168 | L14: 0.18704807 | M14: 0.18906354 | N14: 0.19098112 | O14: 0.19271982 | P14: 0.1942291
A15: AZE | B15: Azerbaijan | C15: EURO | D15: Upper middle income | E15: 1 | F15: 0.20957963 | G15: 0.21448689 | H15: 0.21938335 | I15: 0.22405378 | J15: 0.22819787 | K15: 0.231587 | L15: 0.23425699 | M15: 0.23610545 | N15: 0.23685578 | O15: 0.23628886 | P15: 0.23440459
A16: BHS | B16: Bahamas | C16: PAHO | D16: High income | E16: 1 | F16: 0.23208566 | G16: 0.22861815 | H16: 0.2254772 | I16: 0.22260328 | J16: 0.21986603 | K16: 0.21714356 | L16: 0.21467975 | M16: 0.21224208 | N16: 0.21005698 | O16: 0.20838607 | P16: 0.20736212
A17: BHR | B17: Bahrain | C17: EMRO | D17: High income | E17: 1 | F17: 0.2362443 | G17: 0.23297647 | H17: 0.22936798 | I17: 0.22525741 | J17: 0.22092801 | K17: 0.21651844 | L17: 0.21479912 | M17: 0.21457155 | N17: 0.21492251 | O17: 0.21471775 | P17: 0.21314773
A18: BGD | B18: Bangladesh | C18: SEARO | D18: Lower middle income | E18: Key | F18: 0.24555174 | G18: 0.24320315 | H18: 0.24081639 | I18: 0.23848365 | J18: 0.23629195 | K18: 0.23427648 | L18: 0.2325854 | M18: 0.23102074 | N18: 0.22955621 | O18: 0.22812567 | P18: 0.22668743
A19: BRB | B19: Barbados | C19: PAHO | D19: High income | E19: 1 | F19: 0.21112056 | G19: 0.20891064 | H19: 0.20647514 | I19: 0.20397161 | J19: 0.20157243 | K19: 0.19944059 | L19: 0.19768893 | M19: 0.19619576 | N19: 0.19509191 | O19: 0.19438474 | P19: 0.19409183
A20: BLR | B20: Belarus | C20: EURO | D20: Upper middle income | E20: 2 | F20: 0.18877514 | G20: 0.19519125 | H20: 0.20038147 | I20: 0.20434764 | J20: 0.20760712 | K20: 0.21070738 | L20: 0.21388861 | M20: 0.21694005 | N20: 0.2195914 | O20: 0.22132638 | P20: 0.22173227
A21: BEL | B21: Belgium | C21: EURO | D21: High income | E21: 1 | F21: 0.20575113 | G21: 0.20740643 | H21: 0.20885572 | I21: 0.20999155 | J21: 0.21075331 | K21: 0.21114661 | L21: 0.21147823 | M21: 0.21147363 | N21: 0.21117329 | O21: 0.21065042 | P21: 0.20994984
A22: BLZ | B22: Belize | C22: PAHO | D22: Upper middle income | E22: 1 | F22: 0.25529512 | G22: 0.25228961 | H22: 0.24931554 | I22: 0.24649172 | J22: 0.24399079 | K22: 0.24193885 | L22: 0.24037184 | M22: 0.23928628 | N22: 0.238576 | O22: 0.23800856 | P22: 0.23737233
A23: BEN | B23: Benin | C23: AFRO | D23: Lower middle income | E23: 3 | F23: 0.26499289 | G23: 0.26507601 | H23: 0.26513691 | I23: 0.26515805 | J23: 0.26511972 | K23: 0.26501811 | L23: 0.26477484 | M23: 0.26449191 | N23: 0.2641829 | O23: 0.26386175 | P23: 0.26353794
A24: BTN | B24: Bhutan | C24: SEARO | D24: Lower middle income | E24: 2 | F24: 0.23515732 | G24: 0.23170663 | H24: 0.22885631 | I24: 0.22657152 | J24: 0.22463864 | K24: 0.22281267 | L24: 0.22139504 | M24: 0.21997291 | N24: 0.21856351 | O24: 0.21723286 | P24: 0.21602611
A25: BOL | B25: Bolivia | C25: PAHO | D25: Lower middle income | E25: 2 | F25: 0.25930561 | G25: 0.25748742 | H25: 0.2555031 | I25: 0.25340626 | J25: 0.25132397 | K25: 0.24937496 | L25: 0.24766599 | M25: 0.24609879 | N25: 0.24467542 | O25: 0.24336265 | P25: 0.24212581
A26: BIH | B26: Bosnia and Herzegovina | C26: EURO | D26: Upper middle income | E26: 1 | F26: 0.19647382 | G26: 0.19628648 | H26: 0.19683073 | I26: 0.19746723 | J26: 0.19731209 | K26: 0.19595309 | L26: 0.19381614 | M26: 0.19070221 | N26: 0.18694365 | O26: 0.18311654 | P26: 0.17958383
A27: BWA | B27: Botswana | C27: AFRO | D27: Upper middle income | E27: 2 | F27: 0.26200819 | G27: 0.26259399 | H27: 0.26284952 | I27: 0.2627672 | J27: 0.26235528 | K27: 0.26162396 | L27: 0.26074645 | M27: 0.25959459 | N27: 0.2581233 | O27: 0.25633869 | P27: 0.2543006
A28: BRA | B28: Brazil | C28: PAHO | D28: Upper middle income | E28: Key | F28: 0.21713061 | G28: 0.21522532 | H28: 0.21358799 | I28: 0.21226483 | J28: 0.2112205 | K28: 0.21037367 | L28: 0.20974286 | M28: 0.20925986 | N28: 0.20883611 | O28: 0.20836765 | P28: 0.20781156
A29: BRN | B29: Brunei Darussalam | C29: WPRO | D29: High income | E29: 1 | F29: 0.21623563 | G29: 0.2161105 | H29: 0.21573699 | I29: 0.21517425 | J29: 0.21463411 | K29: 0.21433423 | L29: 0.21450142 | M29: 0.21500017 | N29: 0.21550525 | O29: 0.21556024 | P29: 0.21486174
A30: BGR | B30: Bulgaria | C30: EURO | D30: Upper middle income | E30: 1 | F30: 0.18721429 | G30: 0.19013062 | H30: 0.19269279 | I30: 0.19473035 | J30: 0.19609173 | K30: 0.19671814 | L30: 0.19676603 | M30: 0.19592907 | N30: 0.19454024 | O30: 0.19313541 | P30: 0.19207185
A31: BFA | B31: Burkina Faso | C31: AFRO | D31: Low income | E31: 3 | F31: 0.27067645 | G31: 0.27100843 | H31: 0.27123606 | I31: 0.27134864 | J31: 0.27132087 | K31: 0.27114789 | L31: 0.27073242 | M31: 0.27018096 | N31: 0.26955296 | O31: 0.26893384 | P31: 0.26838674
A32: BDI | B32: Burundi | C32: AFRO | D32: Low income | E32: 3 | F32: 0.26428133 | G32: 0.26671844 | H32: 0.26896322 | I32: 0.27093355 | J32: 0.27254599 | K32: 0.27375479 | L32: 0.2745214 | M32: 0.27491643 | N32: 0.27494938 | O32: 0.27464938 | P32: 0.27405338
A33: KHM | B33: Cambodia | C33: WPRO | D33: Lower middle income | E33: 4 | F33: 0.24530499 | G33: 0.2464309 | H33: 0.24790294 | I33: 0.24946522 | J33: 0.25073427 | K33: 0.25146641 | L33: 0.25168 | M33: 0.25130434 | N33: 0.2504663 | O33: 0.2492194 | P33: 0.24752944
A34: CMR | B34: Cameroon | C34: AFRO | D34: Lower middle income | E34: 3 | F34: 0.27059837 | G34: 0.2711068 | H34: 0.27142572 | I34: 0.27154793 | J34: 0.27147742 | K34: 0.27123254 | L34: 0.27077334 | M34: 0.27015631 | N34: 0.2694172 | O34: 0.26860803 | P34: 0.26777
A35: CAN | B35: Canada | C35: PAHO | D35: High income | E35: 1 | F35: 0.2028163 | G35: 0.20330827 | H35: 0.20408976 | I35: 0.20489868 | J35: 0.20544455 | K35: 0.20554203 | L35: 0.20555587 | M35: 0.20535241 | N35: 0.20492508 | O35: 0.20436854 | P35: 0.20371987
A36: CPV | B36: Cape Verde | C36: AFRO | D36: Lower middle income | E36: 2 | F36: 0.22428562 | G36: 0.22511222 | H36: 0.22557454 | I36: 0.22569738 | J36: 0.22556928 | K36: 0.22528438 | L36: 0.22583067 | M36: 0.2261017 | N36: 0.2260101 | O36: 0.22543225 | P36: 0.22432409
A37: CAF | B37: Central African Republic | C37: AFRO | D37: Low income | E37: 3 | F37: 0.29879306 | G37: 0.29688227 | H37: 0.29449904 | I37: 0.29172958 | J37: 0.28881427 | K37: 0.28601414 | L37: 0.28314427 | M37: 0.28051636 | N37: 0.27822219 | O37: 0.27633842 | P37: 0.27488123
A38: TCD | B38: Chad | C38: AFRO | D38: Low income | E38: Key | F38: 0.27344766 | G38: 0.27366899 | H38: 0.27389909 | I38: 0.27413438 | J38: 0.27437328 | K38: 0.27461166 | L38: 0.27452359 | M38: 0.27448615 | N38: 0.27449503 | O38: 0.27453198 | P38: 0.27457411
A39: CHL | B39: Chile | C39: PAHO | D39: High income | E39: 2 | F39: 0.21114903 | G39: 0.21191895 | H39: 0.21264092 | I39: 0.21316239 | J39: 0.21340963 | K39: 0.21339561 | L39: 0.21314321 | M39: 0.2127237 | N39: 0.21208741 | O39: 0.21116607 | P39: 0.20990751
A40: CHN | B40: China | C40: WPRO | D40: Upper middle income | E40: 1 | F40: 0.1889539 | G40: 0.19089427 | H40: 0.1930723 | I40: 0.19541315 | J40: 0.1977124 | K40: 0.19974989 | L40: 0.20151826 | M40: 0.20285738 | N40: 0.20374064 | O40: 0.20412887 | P40: 0.20399465
A41: COL | B41: Colombia | C41: PAHO | D41: Upper middle income | E41: 2 | F41: 0.22948914 | G41: 0.22690517 | H41: 0.22449102 | I41: 0.22237242 | J41: 0.22059311 | K41: 0.21909251 | L41: 0.21779864 | M41: 0.21667797 | N41: 0.215656 | O41: 0.21465136 | P41: 0.21364438
A42: COM | B42: Comoros | C42: AFRO | D42: Lower middle income | E42: 3 | F42: 0.26484786 | G42: 0.26547815 | H42: 0.26596447 | I42: 0.26628116 | J42: 0.26641053 | K42: 0.26635721 | L42: 0.26618412 | M42: 0.2658463 | N42: 0.26533227 | O42: 0.26463068 | P42: 0.26374202
A43: COG | B43: Congo | C43: AFRO | D43: Lower middle income | E43: 3 | F43: 0.27008807 | G43: 0.27123397 | H43: 0.27195478 | I43: 0.27221164 | J43: 0.2720227 | K43: 0.27146444 | L43: 0.27061543 | M43: 0.26950478 | N43: 0.26819059 | O43: 0.26677084 | P43: 0.26533554
A44: COK | B44: Cook Islands | C44: WPRO | D44: #N/A | E44: 1 | F44: 0 | G44: 0 | H44: 0 | I44: 0 | J44: 0 | K44: 0 | L44: 0 | M44: 0 | N44: 0 | O44: 0 | P44: 0
A45: CRI | B45: Costa Rica | C45: PAHO | D45: Upper middle income | E45: 2 | F45: 0.21543417 | G45: 0.21479799 | H45: 0.21443056 | I45: 0.21423913 | J45: 0.21404658 | K45: 0.21371045 | L45: 0.21323075 | M45: 0.21258757 | N45: 0.21173323 | O45: 0.21066384 | P45: 0.2094138
A46: CIV | B46: Côte d'Ivoire | C46: AFRO | D46: Lower middle income | E46: 3 | F46: 0.26679616 | G46: 0.26624725 | H46: 0.26579956 | I46: 0.26549386 | J46: 0.26535071 | K46: 0.26535557 | L46: 0.2653877 | M46: 0.26553724 | N46: 0.26575252 | O46: 0.26596145 | P46: 0.26611771
A47: HRV | B47: Croatia | C47: EURO | D47: High income | E47: 1 | F47: 0.19028397 | G47: 0.19131128 | H47: 0.19291844 | I47: 0.1947288 | J47: 0.19612868 | K47: 0.19673764 | L47: 0.19669241 | M47: 0.19585824 | N47: 0.19439929 | O47: 0.19271934 | P47: 0.19114399
A48: CUB | B48: Cuba | C48: PAHO | D48: Upper middle income | E48: 1 | F48: 0.19219659 | G48: 0.19359549 | H48: 0.19489866 | I48: 0.19605071 | J48: 0.19710147 | K48: 0.19818409 | L48: 0.19949573 | M48: 0.2008833 | N48: 0.20220294 | O48: 0.20306848 | P48: 0.20310982
A49: CYP | B49: Cyprus | C49: EURO | D49: High income | E49: 1 | F49: 0.21197583 | G49: 0.21059312 | H49: 0.20938016 | I49: 0.20831252 | J49: 0.20727678 | K49: 0.20611593 | L49: 0.20463357 | M49: 0.20306553 | N49: 0.20136761 | O49: 0.19955597 | P49: 0.1976594
A50: CZE | B50: Czech Republic | C50: EURO | D50: High income | E50: 1 | F50: 0.18530939 | G50: 0.18851839 | H50: 0.19159535 | I50: 0.19437745 | J50: 0.19666001 | K50: 0.19828552 | L50: 0.1996094 | M50: 0.20018675 | N50: 0.20020859 | O50: 0.20004829 | P50: 0.1999543
A51: PRK | B51: Democratic Peoples Republic of Korea | C51: SEARO | D51: Low income | E51: 4 | F51: 0.20609411 | G51: 0.20479893 | H51: 0.20393594 | I51: 0.20361788 | J51: 0.20390453 | K51: 0.20473414 | L51: 0.20618014 | M51: 0.20803246 | N51: 0.21018 | O51: 0.21230056 | P51: 0.21408712
A52: COD | B52: Democratic Republic of the Congo | C52: AFRO | D52: Low income | E52: Key | F52: 0.26548582 | G52: 0.26699342 | H52: 0.26836316 | I52: 0.26957599 | J52: 0.27060584 | K52: 0.27144318 | L52: 0.27191053 | M52: 0.27223607 | N52: 0.27241969 | O52: 0.27246815 | P52: 0.27240379
A53: DNK | B53: Denmark | C53: EURO | D53: High income | E53: 1 | F53: 0.20645638 | G53: 0.20511957 | H53: 0.20435507 | I53: 0.20401065 | J53: 0.20376732 | K53: 0.20335305 | L53: 0.20288676 | M53: 0.20224742 | N53: 0.20162833 | O53: 0.20137755 | P53: 0.2017066
A54: DJI | B54: Djibouti | C54: EMRO | D54: Lower middle income | E54: 3 | F54: 0.24457833 | G54: 0.24415929 | H54: 0.24367198 | I54: 0.24317991 | J54: 0.24281458 | K54: 0.24265615 | L54: 0.24281517 | M54: 0.24318193 | N54: 0.24352176 | O54: 0.24349479 | P54: 0.24291097
A55: DOM | B55: Dominica | C55: PAHO | D55: Upper middle income | E55: 2 | F55: 0.24332521 | G55: 0.2428947 | H55: 0.24257618 | I55: 0.24237877 | J55: 0.24224501 | K55: 0.24210827 | L55: 0.24191631 | M55: 0.24158656 | N55: 0.24111467 | O55: 0.24049005 | P55: 0.23972495
A56: DOM | B56: Dominican Republic | C56: PAHO | D56: Upper middle income | E56: 2 | F56: 0.24332521 | G56: 0.2428947 | H56: 0.24257618 | I56: 0.24237877 | J56: 0.24224501 | K56: 0.24210827 | L56: 0.24191631 | M56: 0.24158656 | N56: 0.24111467 | O56: 0.24049005 | P56: 0.23972495
A57: ECU | B57: Ecuador | C57: PAHO | D57: Upper middle income | E57: 2 | F57: 0.24134855 | G57: 0.24028348 | H57: 0.2394885 | I57: 0.23896336 | J57: 0.2386381 | K57: 0.23842172 | L57: 0.23825468 | M57: 0.23813357 | N57: 0.23801147 | O57: 0.23781646 | P57: 0.23749949
A58: EGY | B58: Egypt | C58: EMRO | D58: Lower middle income | E58: 2 | F58: 0.24526971 | G58: 0.24908066 | H58: 0.25258091 | I58: 0.25572152 | J58: 0.25848649 | K58: 0.26087423 | L58: 0.26290039 | M58: 0.26459362 | N58: 0.26565255 | O58: 0.26572312 | P58: 0.26467932
A59: SLV | B59: El Salvador | C59: PAHO | D59: Lower middle income | E59: 1 | F59: 0.24127047 | G59: 0.23877882 | H59: 0.23701547 | I59: 0.23586866 | J59: 0.23504461 | K59: 0.23432783 | L59: 0.23392675 | M59: 0.23352166 | N59: 0.23311844 | O59: 0.23271576 | P59: 0.23230546
A60: GNQ | B60: Equatorial Guinea | C60: AFRO | D60: Upper middle income | E60: 3 | F60: 0.27674364 | G60: 0.27436979 | H60: 0.2728968 | I60: 0.27183155 | J60: 0.27074468 | K60: 0.26942982 | L60: 0.26840639 | M60: 0.26771353 | N60: 0.26710993 | O60: 0.26647944 | P60: 0.2657816
A61: ERI | B61: Eritrea | C61: AFRO | D61: Low income | E61: 3 | F61: 0.28953945 | G61: 0.29103763 | H61: 0.29187917 | I61: 0.29189681 | J61: 0.29085828 | K61: 0.28867935 | L61: 0.28544594 | M61: 0.2811375 | N61: 0.27627139 | O61: 0.2715795 | P61: 0.26752548
A62: EST | B62: Estonia | C62: EURO | D62: High income | E62: 1 | F62: 0.19403189 | G62: 0.19842486 | H62: 0.20200708 | I62: 0.20461568 | J62: 0.20638975 | K62: 0.20759292 | L62: 0.20840277 | M62: 0.20855368 | N62: 0.2083 | O62: 0.20783936 | P62: 0.20717075
A63: ETH | B63: Ethiopia | C63: AFRO | D63: Low income | E63: Key | F63: 0.27356249 | G63: 0.27224504 | H63: 0.27109119 | I63: 0.27013219 | J63: 0.26938495 | K63: 0.2688381 | L63: 0.26849755 | M63: 0.2683201 | N63: 0.26823869 | O63: 0.26812792 | P63: 0.26788943
A64: FJI | B64: Fiji | C64: WPRO | D64: Upper middle income | E64: 4 | F64: 0.24097302 | G64: 0.24314399 | H64: 0.24525587 | I64: 0.24721942 | J64: 0.24886003 | K64: 0.25004201 | L64: 0.25083088 | M64: 0.25107999 | N64: 0.25082848 | O64: 0.25020053 | P64: 0.24930201
A65: FIN | B65: Finland | C65: EURO | D65: High income | E65: 1 | F65: 0.21373363 | G65: 0.21483182 | H65: 0.21552108 | I65: 0.21563104 | J65: 0.21503124 | K65: 0.21371011 | L65: 0.21207475 | M65: 0.20989837 | N65: 0.20720655 | O65: 0.20417843 | P65: 0.20101741
A66: FRA | B66: France | C66: EURO | D66: High income | E66: 1 | F66: 0.21176265 | G66: 0.21270233 | H66: 0.21307375 | I66: 0.21289652 | J66: 0.21232765 | K66: 0.2115871 | L66: 0.2111038 | M66: 0.21040758 | N66: 0.20956552 | O66: 0.20857846 | P66: 0.20743574
A67: GAB | B67: Gabon | C67: AFRO | D67: Upper middle income | E67: 3 | F67: 0.24026901 | G67: 0.24423766 | H67: 0.24854278 | I67: 0.2530636 | J67: 0.25744332 | K67: 0.26131466 | L67: 0.26458872 | M67: 0.26718889 | N67: 0.2690326 | O67: 0.27010492 | P67: 0.27046439
A68: GMB | B68: Gambia | C68: AFRO | D68: Low income | E68: 3 | F68: 0.26714493 | G68: 0.26807742 | H68: 0.26925612 | I68: 0.27060526 | J68: 0.27198896 | K68: 0.27327321 | L68: 0.27403793 | M68: 0.27473346 | N68: 0.27534498 | O68: 0.27585934 | P68: 0.27625198
A69: GEO | B69: Georgia | C69: EURO | D69: Upper middle income | E69: 1 | F69: 0.20850092 | G69: 0.21372354 | H69: 0.21892005 | I69: 0.22379232 | J69: 0.22799414 | K69: 0.23136876 | L69: 0.23372568 | M69: 0.23514122 | N69: 0.23560354 | O69: 0.23520119 | P69: 0.23404888
A70: DEU | B70: Germany | C70: EURO | D70: High income | E70: 1 | F70: 0.18210761 | G70: 0.18292218 | H70: 0.18423199 | I70: 0.18602723 | J70: 0.18806016 | K70: 0.18999639 | L70: 0.19202626 | M70: 0.19383632 | N70: 0.19530741 | O70: 0.19644223 | P70: 0.19734454
A71: GHA | B71: Ghana | C71: AFRO | D71: Lower middle income | E71: 3 | F71: 0.26036024 | G71: 0.26086858 | H71: 0.2613123 | I71: 0.26166699 | J71: 0.26190803 | K71: 0.26202928 | L71: 0.26207793 | M71: 0.26199986 | N71: 0.26177181 | O71: 0.26135528 | P71: 0.26073339
A72: GRC | B72: Greece | C72: EURO | D72: High income | E72: 1 | F72: 0.19490459 | G72: 0.19550059 | H72: 0.19591324 | I72: 0.19600158 | J72: 0.19552524 | K72: 0.19429879 | L72: 0.19251839 | M72: 0.19001774 | N72: 0.18698415 | O72: 0.18379223 | P72: 0.18075276
A73: GRD | B73: Grenada | C73: PAHO | D73: Upper middle income | E73: 1 | F73: 0.21914144 | G73: 0.22173229 | H73: 0.22492145 | I73: 0.22831506 | J73: 0.2313408 | K73: 0.23355631 | L73: 0.23506649 | M73: 0.23563077 | N73: 0.23545226 | O73: 0.23472266 | P73: 0.23355292
A74: GTM | B74: Guatemala | C74: PAHO | D74: Upper middle income | E74: 1 | F74: 0.26719123 | G74: 0.26432145 | H74: 0.26144236 | I74: 0.25870994 | J74: 0.25630486 | K74: 0.25431228 | L74: 0.25264509 | M74: 0.25133558 | N74: 0.25029793 | O74: 0.24937904 | P74: 0.24847643
A75: GIN | B75: Guinea | C75: AFRO | D75: Low income | E75: 3 | F75: 0.27549014 | G75: 0.27435322 | H75: 0.27325383 | I75: 0.27222083 | J75: 0.27127514 | K75: 0.27042765 | L75: 0.26963607 | M75: 0.2689243 | N75: 0.26830639 | O75: 0.26778113 | P75: 0.26733455
... A81: ISL | B81: Iceland | C81: EURO | D81: High income | E81: 1 | F81: 0.2209432 | G81: 0.22168996 | H81: 0.22200794 | I81: 0.22176543 | J81: 0.22090278 | K81: 0.21956395 | L81: 0.21796469 | M81: 0.21600851 | N81: 0.21383646 | O81: 0.21160981 | P81: 0.20942673
A82: IND | B82: India | C82: SEARO | D82: Lower middle income | E82: Key | F82: 0.24701279 | G82: 0.24443136 | H82: 0.24183038 | I82: 0.2392339 | J82: 0.23665478 | K82: 0.23410433 | L82: 0.23174295 | M82: 0.22940138 | N82: 0.227198 | O82: 0.22527935 | P82: 0.22372484
A83: IDN | B83: Indonesia | C83: SEARO | D83: Upper middle income | E83: Key | F83: 0.23638097 | G83: 0.23605861 | H83: 0.23551426 | I83: 0.23481001 | J83: 0.23408801 | K83: 0.23347771 | L83: 0.23316194 | M83: 0.23298248 | N83: 0.23280197 | O83: 0.2324047 | P83: 0.23166599
A84: IRN | B84: Iran, Islamic Republic of | C84: EMRO | D84: Upper middle income | E84: 2 | F84: 0.20084595 | G84: 0.20442693 | H84: 0.20856412 | I84: 0.2131624 | J84: 0.21778754 | K84: 0.22192037 | L84: 0.22532238 | M84: 0.22787636 | N84: 0.22956747 | O84: 0.23053873 | P84: 0.23098109
A85: IRQ | B85: Iraq | C85: EMRO | D85: Upper middle income | E85: 2 | F85: 0.26315746 | G85: 0.26317495 | H85: 0.26289629 | I85: 0.26233339 | J85: 0.26164379 | K85: 0.2610107 | L85: 0.26063645 | M85: 0.26036792 | N85: 0.26009281 | O85: 0.25962246 | P85: 0.25883769
A86: IRL | B86: Ireland | C86: EURO | D86: High income | E86: 1 | F86: 0.22696447 | G86: 0.22936344 | H86: 0.23100007 | I86: 0.23169997 | J86: 0.23142431 | K86: 0.23028298 | L86: 0.22870947 | M86: 0.22648778 | N86: 0.22370907 | O86: 0.22052806 | P86: 0.21705788
A87: ISR | B87: Israel | C87: EURO | D87: High income | E87: 1 | F87: 0.24021159 | G87: 0.24191207 | H87: 0.24343982 | I87: 0.24472679 | J87: 0.24570295 | K87: 0.24633996 | L87: 0.2468208 | M87: 0.24702822 | N87: 0.24689498 | O87: 0.24636402 | P87: 0.24543005
A88: ITA | B88: Italy | C88: EURO | D88: High income | E88: 1 | F88: 0.18871107 | G88: 0.18953913 | H88: 0.19002973 | I88: 0.19010416 | J88: 0.18974925 | K88: 0.18901075 | L88: 0.1882803 | M88: 0.18726872 | N88: 0.18599894 | O88: 0.18453665 | P88: 0.18293766
A89: JAM | B89: Jamaica | C89: PAHO | D89: Upper middle income | E89: 1 | F89: 0.22279117 | G89: 0.22136494 | H89: 0.22042961 | I89: 0.21997498 | J89: 0.21989021 | K89: 0.2200921 | L89: 0.22053483 | M89: 0.22110412 | N89: 0.22169826 | O89: 0.22210496 | P89: 0.2221766
A90: JPN | B90: Japan | C90: WPRO | D90: High income | E90: 4 | F90: 0.18545001 | G90: 0.18590585 | H90: 0.18619757 | I90: 0.18624423 | J90: 0.18607501 | K90: 0.18581188 | L90: 0.18565989 | M90: 0.1855332 | N90: 0.18543559 | O90: 0.18526479 | P90: 0.18486899
A91: JOR | B91: Jordan | C91: EMRO | D91: Upper middle income | E91: 2 | F91: 0.27084251 | G91: 0.2697991 | H91: 0.26779282 | I91: 0.26480303 | J91: 0.26115573 | K91: 0.25727802 | L91: 0.25359263 | M91: 0.24995093 | N91: 0.24646386 | O91: 0.24316607 | P91: 0.24002292
A92: KAZ | B92: Kazakhstan | C92: EURO | D92: Upper middle income | E92: 2 | F92: 0.22927243 | G92: 0.23819954 | H92: 0.24678093 | I92: 0.25454231 | J92: 0.26088641 | K92: 0.26546308 | L92: 0.26835505 | M92: 0.26947942 | N92: 0.26891333 | O92: 0.26696838 | P92: 0.26397267
A93: KEN | B93: Kenya | C93: AFRO | D93: Lower middle income | E93: 3 | F93: 0.28079088 | G93: 0.27931731 | H93: 0.27739981 | I93: 0.27503977 | J93: 0.27238388 | K93: 0.26963731 | L93: 0.26694384 | M93: 0.264299 | N93: 0.26180309 | O93: 0.25954487 | P93: 0.25755454
A94: KIR | B94: Kiribati | C94: WPRO | D94: Lower middle income | E94: 4 | F94: 0.25125341 | G94: 0.25445635 | H94: 0.25865113 | I94: 0.26319322 | J94: 0.26706333 | K94: 0.26957345 | L94: 0.27072641 | M94: 0.27040171 | N94: 0.26906011 | O94: 0.26731114 | P94: 0.26565742
A95: KOR | B95: Korea, Republic of | C95: WPRO | D95: High income | E95: 1 | F95: 0.16977434 | G95: 0.16906099 | H95: 0.16879352 | I95: 0.16872202 | J95: 0.16857896 | K95: 0.16828322 | L95: 0.16803499 | M95: 0.16781182 | N95: 0.16751657 | O95: 0.16703381 | P95: 0.16628626
... A122: MAR | B122: Morocco | C122: EMRO | D122: Lower middle income | E122: 3 | F122: 0.23665162 | G122: 0.23812651 | H122: 0.2392208 | I122: 0.23993145 | J122: 0.24037022 | K122: 0.24066548 | L122: 0.24079579 | M122: 0.24076599 | N122: 0.24047768 | O122: 0.23978226 | P122: 0.23860306
A123: MOZ | B123: Mozambique | C123: AFRO | D123: Low income | E123: Key | F123: 0.27451544 | G123: 0.2743061 | H123: 0.27393461 | I123: 0.27346391 | J123: 0.27299302 | K123: 0.27258898 | L123: 0.27219775 | M123: 0.27186819 | N123: 0.27160562 | O123: 0.27139977 | P123: 0.27123257
A124: MMR | B124: Myanmar | C124: SEARO | D124: Lower middle income | E124: 4 | F124: 0.24557556 | G124: 0.2426592 | H124: 0.23957459 | I124: 0.23648642 | J124: 0.23358119 | K124: 0.23095977 | L124: 0.22878027 | M124: 0.22684449 | N124: 0.22519051 | O124: 0.22383425 | P124: 0.22278103
A125: NAM | B125: Namibia | C125: AFRO | D125: Upper middle income | E125: 3 | F125: 0.26129083 | G125: 0.26290685 | H125: 0.26482249 | I125: 0.26679751 | J125: 0.2684945 | K125: 0.26971096 | L125: 0.27043097 | M125: 0.27067948 | N125: 0.27046447 | O125: 0.26982751 | P125: 0.26881699
A126: NRU | B126: Nauru | C126: WPRO | D126: High income | E126: 1 | F126: 0 | G126: 0 | H126: 0 | I126: 0 | J126: 0 | K126: 0 | L126: 0 | M126: 0 | N126: 0 | O126: 0 | P126: 0
A127: NPL | B127: Nepal | C127: SEARO | D127: Lower middle income | E127: 4 | F127: 0.25890907 | G127: 0.25384616 | H127: 0.24893162 | I127: 0.24426254 | J127: 0.23999047 | K127: 0.23626069 | L127: 0.23335972 | M127: 0.23099159 | N127: 0.22915719 | O127: 0.22767247 | P127: 0.22632147
A128: NLD | B128: Netherlands | C128: EURO | D128: High income | E128: 1 | F128: 0.20387725 | G128: 0.20304669 | H128: 0.20190396 | I128: 0.2005652 | J128: 0.19927833 | K128: 0.19823393 | L128: 0.1976845 | M128: 0.19743747 | N128: 0.1974408 | O128: 0.19754717 | P128: 0.19762422
A129: NZL | B129: New Zealand | C129: WPRO | D129: High income | E129: 1 | F129: 0.21720664 | G129: 0.21779885 | H129: 0.21845268 | I129: 0.21896614 | J129: 0.21914659 | K129: 0.21894104 | L129: 0.21864395 | M129: 0.21798677 | N129: 0.21711151 | O129: 0.21617809 | P129: 0.21524139
A130: NIC | B130: Nicaragua | C130: PAHO | D130: Lower middle income | E130: 2 | F130: 0.24789164 | G130: 0.24760432 | H130: 0.24728625 | I130: 0.24689135 | J130: 0.24633937 | K130: 0.24557941 | L130: 0.24470047 | M130: 0.24357859 | N130: 0.24221946 | O130: 0.24066318 | P130: 0.23896124
A131: NER | B131: Niger | C131: AFRO | D131: Low income | E131: 3 | F131: 0.26054056 | G131: 0.26153015 | H131: 0.26242695 | I131: 0.26322863 | J131: 0.26394311 | K131: 0.26458998 | L131: 0.26504868 | M131: 0.26548922 | N131: 0.26590722 | O131: 0.26629925 | P131: 0.2666698
A132: NGA | B132: Nigeria | C132: AFRO | D132: Lower middle income | E132: Key | F132: 0.26564763 | G132: 0.26662572 | H132: 0.26740504 | I132: 0.26801191 | J132: 0.2684829 | K132: 0.26884569 | L132: 0.26896282 | M132: 0.26898532 | N132: 0.26892009 | O132: 0.26877198 | P132: 0.26855149
...

Sheet 2g. U5 pop for SIA
A1: Title | B1: U5 year population (9 months to 59 months of age)
A2: Datasource | B2: UN WPP, Revision 2020
A4: ISO | B4: Country | C4: WHO | D4: WB Group (June 2020) | E4: MR MAP Group | F4: 2030 | G4: 2031 | H4: 2032 | I4: 2033 | J4: 2034 | K4: 2035 | L4: 2036 | M4: 2037 | N4: 2038 | O4: 2039 | P4: 2040
A5: AFG | B5: Afghanistan | C5: EMRO | D5: Low income | E5: Key | F5: 5892526 | G5: 5905645 | H5: 5913871 | I5: 5918083 | J5: 5919136 | K5: 5918288 | L5: 5922727 | M5: 5919828 | N5: 5911137 | O5: 5898714 | P5: 5884704
A6: ALB | B6: Albania | C6: EURO | D6: Upper middle income | E6: 1 | F6: 132405 | G6: 127840 | H6: 123794 | I6: 120225 | J6: 116958 | K6: 113906 | L6: 111528 | M6: 109284 | N6: 107185 | O6: 105293 | P6: 103705
A7: DZA | B7: Algeria | C7: AFRO | D7: Lower middle income | E7: 2 | F7: 4143430 | G7: 4117938 | H7: 4078807 | I7: 4031984 | J7: 3995061 | K7: 3981144 | L7: 3994686 | M7: 4017278 | N7: 4049933 | O7: 4089236 | P7: 4134100
A8: AND | B8: Andorra | C8: EURO | D8: High income | E8: 1 | F8: 0 | G8: 0 | H8: 0 | I8: 0 | J8: 0 | K8: 0 | L8: 0 | M8: 0 | N8: 0 | O8: 0 | P8: 0
A9: AGO | B9: Angola | C9: AFRO | D9: Lower middle income | E9: 3 | F9: 7363393 | G9: 7544666 | H9: 7721337 | I9: 7895525 | J9: 8068088 | K9: 8240559 | L9: 8419428 | M9: 8591341 | N9: 8758872 | O9: 8925524 | P9: 9094253
A10: ATG | B10: Antigua And Barbuda | C10: PAHO | D10: High income | E10: 1 | F10: 0 | G10: 6773 | H10: 6721 | I10: 6657 | J10: 6597 | K10: 6547 | L10: 6505 | M10: 6476 | N10: 6458 | O10: 6442 | P10: 6423
A11: ARG | B11: Argentina | C11: PAHO | D11: Upper middle income | E11: 1 | F11: 3664583 | G11: 3659828 | H11: 3650141 | I11: 3637083 | J11: 3623227 | K11: 3610467 | L11: 3598952 | M11: 3589415 | N11: 3581093 | O11: 3572182 | P11: 3561506
A12: ARM | B12: Armenia | C12: EURO | D12: Upper middle income | E12: 1 | F12: 158152 | G12: 155692 | H12: 153502 | I12: 151640 | J12: 150231 | K12: 149416 | L12: 149828 | M12: 150234 | N12: 150696 | O12: 151274 | P12: 152057
A13: AUS | B13: Australia | C13: WPRO | D13: High income | E13: 1 | F13: 1632367 | G13: 1637690 | H13: 1639942 | I13: 1639924 | J13: 1640368 | K13: 1643108 | L13: 1650518 | M13: 1658752 | N13: 1668085 | O13: 1678224 | P13: 1689076
A14: AUT | B14: Austria | C14: EURO | D14: High income | E14: 1 | F14: 439105 | G14: 435030 | H14: 431083 | I14: 427081 | J14: 423098 | K14: 419086 | L14: 415007 | M14: 411550 | N14: 408615 | O14: 406094 | P14: 403856
A15: AZE | B15: Azerbaijan | C15: EURO | D15: Upper middle income | E15: 1 | F15: 637424 | G15: 638171 | H15: 638198 | I15: 638111 | J15: 638559 | K15: 640340 | L15: 647379 | M15: 651113 | N15: 652560 | O15: 652538 | P15: 651721
A16: BHS | B16: Bahamas | C16: PAHO | D16: High income | E16: 1 | F16: 27436 | G16: 27408 | H16: 27328 | I16: 27187 | J16: 27026 | K16: 26868 | L16: 26670 | M16: 26512 | N16: 26386 | O16: 26265 | P16: 26141
A17: BHR | B17: Bahrain | C17: EMRO | D17: High income | E17: 1 | F17: 111683 | G17: 111473 | H17: 111622 | I17: 112004 | J17: 112163 | K17: 111802 | L17: 111597 | M17: 110720 | N17: 109340 | O17: 107839 | P17: 106440
A18: BGD | B18: Bangladesh | C18: SEARO | D18: Lower middle income | E18: Key | F18: 12967341 | G18: 12790459 | H18: 12625107 | I18: 12467092 | J18: 12309781 | K18: 12149607 | L18: 12011220 | M18: 11862135 | N18: 11706290 | O18: 11551474 | P18: 11404433
A19: BRB | B19: Barbados | C19: PAHO | D19: High income | E19: 1 | F19: 14975 | G19: 14952 | H19: 14913 | I19: 14851 | J19: 14767 | K19: 14670 | L19: 14571 | M19: 14457 | N19: 14322 | O19: 14176 | P19: 14017
A20: BLR | B20: Belarus | C20: EURO | D20: Upper middle income | E20: 2 | F20: 454755 | G20: 440710 | H20: 432111 | I20: 428239 | J20: 426284 | K20: 424489 | L20: 425193 | M20: 426455 | N20: 428133 | O20: 430768 | P20: 434724
A21: BEL | B21: Belgium | C21: EURO | D21: High income | E21: 1 | F21: 609688 | G21: 606188 | H21: 604504 | I21: 604253 | J21: 604473 | K21: 604482 | L21: 605419 | M21: 606674 | N21: 608022 | O21: 609446 | P21: 610899
A22: BLZ | B22: Belize | C22: PAHO | D22: Upper middle income | E22: 1 | F22: 40336 | G22: 40045 | H22: 39841 | I22: 39692 | J22: 39542 | K22: 39335 | L22: 39123 | M22: 38913 | N22: 38693 | O22: 38468 | P22: 38243
A23: BEN | B23: Benin | C23: AFRO | D23: Lower middle income | E23: 3 | F23: 2277731 | G23: 2317986 | H23: 2355590 | I23: 2391543 | J23: 2426815 | K23: 2462483 | L23: 2501103 | M23: 2537097 | N23: 2571293 | O23: 2604552 | P23: 2637825
A24: BTN | B24: Bhutan | C24: SEARO | D24: Lower middle income | E24: 2 | F24: 56408 | G24: 55518 | H24: 54537 | I24: 53463 | J24: 52391 | K24: 51368 | L24: 50462 | M24: 49556 | N24: 48677 | O24: 47850 | P24: 47099
A25: BOL | B25: Bolivia | C25: PAHO | D25: Lower middle income | E25: 2 | F25: 1209305 | G25: 1207841 | H25: 1206125 | I25: 1204347 | J25: 1202188 | K25: 1199509 | L25: 1196938 | M25: 1194366 | N25: 1191550 | O25: 1188230 | P25: 1184273
A26: BIH | B26: Bosnia and Herzegovina | C26: EURO | D26: Upper middle income | E26: 1 | F26: 113919 | G26: 112835 | H26: 112251 | I26: 112090 | J26: 112009 | K26: 111779 | L26: 111664 | M26: 111394 | N26: 110956 | O26: 110436 | P26: 109876
A27: BWA | B27: Botswana | C27: AFRO | D27: Upper middle income | E27: 2 | F27: 266806 | G27: 268408 | H27: 269478 | I27: 270190 | J27: 270845 | K27: 271684 | L27: 272940 | M27: 274026 | N27: 274970 | O27: 275704 | P27: 276191
A28: BRA | B28: Brazil | C28: PAHO | D28: Upper middle income | E28: Key | F28: 12796400 | G28: 12670753 | H28: 12537915 | I28: 12397078 | J28: 12255297 | K28: 12117767 | L28: 12010744 | M28: 11887408 | N28: 11755699 | O28: 11624613 | P28: 11501387
A29: BRN | B29: Brunei Darussalam | C29: WPRO | D29: High income | E29: 1 | F29: 27713 | G29: 27338 | H29: 27004 | I29: 26729 | J29: 26472 | K29: 26214 | L29: 25993 | M29: 25798 | N29: 25626 | O29: 25468 | P29: 25329
A30: BGR | B30: Bulgaria | C30: EURO | D30: Upper middle income | E30: 1 | F30: 274288 | G30: 271691 | H30: 269253 | I30: 266966 | J30: 264963 | K30: 263337 | L30: 262146 | M30: 261178 | N30: 260388 | O30: 259704 | P30: 259102
A31: BFA | B31: Burkina Faso | C31: AFRO | D31: Low income | E31: 3 | F31: 4158616 | G31: 4236338 | H31: 4308246 | I31: 4376156 | J31: 4442294 | K31: 4508831 | L31: 4579067 | M31: 4644829 | N31: 4707277 | O31: 4767356 | P31: 4826206
A32: BDI | B32: Burundi | C32: AFRO | D32: Low income | E32: 3 | F32: 2394640 | G32: 2430770 | H32: 2467545 | I32: 2505226 | J32: 2543625 | K32: 2582818 | L32: 2625048 | M32: 2666268 | N32: 2706867 | O32: 2747408 | P32: 2788444
A33: KHM | B33: Cambodia | C33: WPRO | D33: Lower middle income | E33: 4 | F33: 1664504 | G33: 1661503 | H33: 1659363 | I33: 1657854 | J33: 1656986 | K33: 1656991 | L33: 1662190 | M33: 1664511 | N33: 1664565 | O33: 1662955 | P33: 1660301
A34: CMR | B34: Cameroon | C34: AFRO | D34: Lower middle income | E34: 3 | F34: 4734046 | G34: 4803927 | H34: 4867219 | I34: 4926436 | J34: 4984469 | K34: 5044073 | L34: 5108633 | M34: 5170232 | N34: 5229854 | O34: 5288045 | P34: 5345780
A35: CAN | B35: Canada | C35: PAHO | D35: High income | E35: 1 | F35: 2019527 | G35: 2020662 | H35: 2023991 | I35: 2028536 | J35: 2034032 | K35: 2039199 | L35: 2040275 | M35: 2047616 | N35: 2059217 | O35: 2072158 | P35: 2083430
A36: CPV | B36: Cape Verde | C36: AFRO | D36: Lower middle income | E36: 2 | F36: 46137 | G36: 45697 | H36: 45262 | I36: 44850 | J36: 44451 | K36: 44081 | L36: 43914 | M36: 43644 | N36: 43313 | O36: 42971 | P36: 42669
A37: CAF | B37: Central African Republic | C37: AFRO | D37: Low income | E37: 3 | F37: 863148 | G37: 873784 | H37: 882431 | I37: 889666 | J37: 895619 | K37: 900566 | L37: 904858 | M37: 907634 | N37: 909226 | O37: 910075 | P37: 910611
A38: TCD | B38: Chad | C38: AFRO | D38: Low income | E38: Key | F38: 3497733 | G38: 3554171 | H38: 3605597 | I38: 3653718 | J38: 3700147 | K38: 3746797 | L38: 3798094 | M38: 3842906 | N38: 3883536 | O38: 3922806 | P38: 3963488
A39: CHL | B39: Chile | C39: PAHO | D39: High income | E39: 2 | F39: 1039413 | G39: 1024568 | H39: 1016601 | I39: 1013970 | J39: 1012119 | K39: 1007824 | L39: 1005195 | M39: 999977 | N39: 992782 | O39: 985629 | P39: 979724
A40: CHN | B40: China | C40: WPRO | D40: Upper middle income | E40: 1 | F40: 71032779 | G40: 70661226 | H40: 70174565 | I40: 69617057 | J40: 69086352 | K40: 68661008 | L40: 68504313 | M40: 68263297 | N40: 67987208 | O40: 67713310 | P40: 67474085
A41: COL | B41: Colombia | C41: PAHO | D41: Upper middle income | E41: 2 | F41: 3255369 | G41: 3226153 | H41: 3193046 | I41: 3155975 | J41: 3118808 | K41: 3084220 | L41: 3057277 | M41: 3027654 | N41: 2996984 | O41: 2966520 | P41: 2937387
A42: COM | B42: Comoros | C42: AFRO | D42: Lower middle income | E42: 3 | F42: 134400 | G42: 135662 | H42: 136862 | I42: 138033 | J42: 139184 | K42: 140340 | L42: 141678 | M42: 142873 | N42: 143964 | O42: 145014 | P42: 146073
A43: COG | B43: Congo | C43: AFRO | D43: Lower middle income | E43: 3 | F43: 968197 | G43: 987449 | H43: 1005989 | I43: 1024100 | J43: 1041813 | K43: 1059268 | L43: 1077507 | M43: 1094646 | N43: 1110940 | O43: 1126717 | P43: 1142228
A44: COK | B44: Cook Islands | C44: WPRO | D44: #N/A | E44: 1 | F44: 0 | G44: 0 | H44: 0 | I44: 0 | J44: 0 | K44: 0 | L44: 0 | M44: 0 | N44: 0 | O44: 0 | P44: 0
A45: CRI | B45: Costa Rica | C45: PAHO | D45: Upper middle income | E45: 2 | F45: 306785 | G45: 303657 | H45: 300967 | I45: 298586 | J45: 296288 | K45: 293959 | L45: 292672 | M45: 290740 | N45: 288400 | O45: 286017 | P45: 283861
A46: CIV | B46: Côte d'Ivoire | C46: AFRO | D46: Lower middle income | E46: 3 | F46: 4897039 | G46: 4974440 | H46: 5045760 | I46: 5113050 | J46: 5179399 | K46: 5247575 | L46: 5321164 | M46: 5392402 | N46: 5462276 | O46: 5531354 | P46: 5600718
A47: HRV | B47: Croatia | C47: EURO | D47: High income | E47: 1 | F47: 156542 | G47: 155206 | H47: 153735 | I47: 152228 | J47: 150785 | K47: 149493 | L47: 148439 | M47: 147404 | N47: 146416 | O47: 145507 | P47: 144706
A48: CUB | B48: Cuba | C48: PAHO | D48: Upper middle income | E48: 1 | F48: 490742 | G48: 484966 | H48: 479890 | I48: 475646 | J48: 471604 | K48: 467455 | L48: 464338 | M48: 460918 | N48: 457219 | O48: 453368 | P48: 449450
A49: CYP | B49: Cyprus | C49: EURO | D49: High income | E49: 1 | F49: 55937 | G49: 55884 | H49: 55819 | I49: 55750 | J49: 55741 | K49: 55829 | L49: 56054 | M49: 56291 | N49: 56540 | O49: 56773 | P49: 56959
A50: CZE | B50: Czech Republic | C50: EURO | D50: High income | E50: 1 | F50: 492612 | G50: 490303 | H50: 487651 | I50: 484761 | J50: 482825 | K50: 482581 | L50: 483789 | M50: 486512 | N50: 490462 | O50: 494907 | P50: 499348
A51: PRK | B51: Democratic Peoples Republic of Korea | C51: SEARO | D51: Low income | E51: 4 | F51: 1682448 | G51: 1667236 | H51: 1647291 | I51: 1623753 | J51: 1599245 | K51: 1575501 | L51: 1550446 | M51: 1528429 | N51: 1509132 | O51: 1491691 | P51: 1475598
A52: COD | B52: Democratic Republic of the Congo | C52: AFRO | D52: Low income | E52: Key | F52: 19158415 | G52: 19539066 | H52: 19890529 | I52: 20222233 | J52: 20543575 | K52: 20865748 | L52: 21218619 | M52: 21529971 | N52: 21812399 | O52: 22080609 | P52: 22348893
A53: DNK | B53: Denmark | C53: EURO | D53: High income | E53: 1 | F53: 339156 | G53: 339587 | H53: 339558 | I53: 339008 | J53: 338122 | K53: 336943 | L53: 335184 | M53: 333763 | N53: 332518 | O53: 331219 | P53: 329676
A54: DJI | B54: Djibouti | C54: EMRO | D54: Lower middle income | E54: 3 | F54: 92289 | G54: 91563 | H54: 90832 | I54: 90136 | J54: 89477 | K54: 88873 | L54: 88428 | M54: 88021 | N54: 87661 | O54: 87359 | P54: 87127
A55: DOM | B55: Dominica | C55: PAHO | D55: Upper middle income | E55: 2 | F55: 922242 | G55: 915974 | H55: 908603 | I55: 900448 | J55: 892207 | K55: 884527 | L55: 878982 | M55: 872571 | N55: 865655 | O55: 858584 | P55: 851768
A56: DOM | B56: Dominican Republic | C56: PAHO | D56: Upper middle income | E56: 2 | F56: 922242 | G56: 915974 | H56: 908603 | I56: 900448 | J56: 892207 | K56: 884527 | L56: 878982 | M56: 872571 | N56: 865655 | O56: 858584 | P56: 851768
A57: ECU | B57: Ecuador | C57: PAHO | D57: Upper middle income | E57: 2 | F57: 1622552 | G57: 1616944 | H57: 1611250 | I57: 1605253 | J57: 1599137 | K57: 1593062 | L57: 1589206 | M57: 1584193 | N57: 1578371 | O57: 1572135 | P57: 1565842
A58: EGY | B58: Egypt | C58: EMRO | D58: Lower middle income | E58: 2 | F58: 12465978 | G58: 12561955 | H58: 12686344 | I58: 12837484 | J58: 13002069 | K58: 13174650 | L58: 13402747 | M58: 13600121 | N58: 13772038 | O58: 13925014 | P58: 14064838
A59: SLV | B59: El Salvador | C59: PAHO | D59: Lower middle income | E59: 1 | F59: 515716 | G59: 507635 | H59: 499641 | I59: 491669 | J59: 483844 | K59: 476312 | L59: 469444 | M59: 462584 | N59: 455817 | O59: 449264 | P59: 443073
A60: GNQ | B60: Equatorial Guinea | C60: AFRO | D60: Upper middle income | E60: 3 | F60: 243357 | G60: 246649 | H60: 249798 | I60: 252820 | J60: 255727 | K60: 258515 | L60: 261105 | M60: 263755 | N60: 266424 | O60: 269054 | P60: 271577
A61: ERI | B61: Eritrea | C61: AFRO | D61: Low income | E61: 3 | F61: 530524 | G61: 540663 | H61: 549305 | I61: 556724 | J61: 563833 | K61: 571305 | L61: 579459 | M61: 586653 | N61: 593086 | O61: 598771 | P61: 603769
A62: EST | B62: Estonia | C62: EURO | D62: High income | E62: 1 | F62: 58633 | G62: 57265 | H62: 56243 | I62: 55521 | J62: 54971 | K62: 54515 | L62: 54280 | M62: 54193 | N62: 54211 | O62: 54317 | P62: 54505
A63: ETH | B63: Ethiopia | C63: AFRO | D63: Low income | E63: Key | F63: 18495914 | G63: 18587300 | H63: 18670899 | I63: 18747700 | J63: 18817992 | K63: 18882668 | L63: 18953145 | M63: 19015558 | N63: 19072707 | O63: 19129609 | P63: 19190736
A64: FJI | B64: Fiji | C64: WPRO | D64: Upper middle income | E64: 4 | F64: 84999 | G64: 84985 | H64: 84967 | I64: 84939 | J64: 84901 | K64: 84870 | L64: 85095 | M64: 85111 | N64: 84982 | O64: 84788 | P64: 84599
A65: FIN | B65: Finland | C65: EURO | D65: High income | E65: 1 | F65: 243060 | G65: 244149 | H65: 245113 | I65: 246134 | J65: 247146 | K65: 248124 | L65: 249192 | M65: 250344 | N65: 251484 | O65: 252491 | P65: 253241
A66: FRA | B66: France | C66: EURO | D66: High income | E66: 1 | F66: 3509047 | G66: 3502708 | H66: 3502232 | I66: 3507456 | J66: 3512941 | K66: 3516435 | L66: 3536316 | M66: 3546806 | N66: 3549447 | O66: 3548021 | P66: 3546307
A67: GAB | B67: Gabon | C67: AFRO | D67: Upper middle income | E67: 3 | F67: 322971 | G67: 325653 | H67: 327476 | I67: 328704 | J67: 330108 | K67: 332274 | L67: 335529 | M67: 338832 | N67: 342315 | O67: 345952 | P67: 349783
A68: GMB | B68: Gambia | C68: AFRO | D68: Low income | E68: 3 | F68: 478744 | G68: 485137 | H68: 490841 | I68: 496081 | J68: 501161 | K68: 506350 | L68: 511909 | M68: 517101 | N68: 522036 | O68: 526776 | P68: 531431
A69: GEO | B69: Georgia | C69: EURO | D69: Upper middle income | E69: 1 | F69: 217587 | G69: 216075 | H69: 214513 | I69: 213125 | J69: 212054 | K69: 211491 | L69: 212070 | M69: 212364 | N69: 212504 | O69: 212610 | P69: 212821
A70: DEU | B70: Germany | C70: EURO | D70: High income | E70: 1 | F70: 3813405 | G70: 3808700 | H70: 3788096 | I70: 3754695 | J70: 3720302 | K70: 3692020 | L70: 3665517 | M70: 3644946 | N70: 3629578 | O70: 3615490 | P70: 3600087
A71: GHA | B71: Ghana | C71: AFRO | D71: Lower middle income | E71: 3 | F71: 4557788 | G71: 4599561 | H71: 4640007 | I71: 4679985 | J71: 4719488 | K71: 4758992 | L71: 4803947 | M71: 4845742 | N71: 4885256 | O71: 4923688 | P71: 4962176
A72: GRC | B72: Greece | C72: EURO | D72: High income | E72: 1 | F72: 332559 | G72: 333238 | H72: 334479 | I72: 336147 | J72: 338188 | K72: 340519 | L72: 344236 | M72: 347122 | N72: 349333 | O72: 351086 | P72: 352520
A73: GRD | B73: Grenada | C73: PAHO | D73: Upper middle income | E73: 1 | F73: 7526 | G73: 7380 | H73: 7264 | I73: 7167 | J73: 7088 | K73: 7027 | L73: 7004 | M73: 6983 | N73: 6967 | O73: 6952 | P73: 6946
A74: GTM | B74: Guatemala | C74: PAHO | D74: Upper middle income | E74: 1 | F74: 2115996 | G74: 2114669 | H74: 2113244 | I74: 2111258 | J74: 2108113 | K74: 2103420 | L74: 2099632 | M74: 2093411 | N74: 2085471 | O74: 2077036 | P74: 2069019
A75: GIN | B75: Guinea | C75: AFRO | D75: Low income | E75: 3 | F75: 2471080 | G75: 2504827 | H75: 2535823 | I75: 2564849 | J75: 2592748 | K75: 2620394 | L75: 2649592 | M75: 2676628 | N75: 2702134 | O75: 2726791 | P75: 2751356
... A81: ISL | B81: Iceland | C81: EURO | D81: High income | E81: 1 | F81: 19577 | G81: 19390 | H81: 19311 | I81: 19312 | J81: 19330 | K81: 19310 | L81: 19304 | M81: 19297 | N81: 19275 | O81: 19244 | P81: 19213
A82: IND | B82: India | C82: SEARO | D82: Lower middle income | E82: Key | F82: 1.1463678e+08 | G82: 114184655 | H82: 113654762 | I82: 113024034 | J82: 112284614 | K82: 111425159 | L82: 110553350 | M82: 1.095379e+08 | N82: 1.0841664e+08 | O82: 1.0724943e+08 | P82: 1.0607818e+08
A83: IDN | B83: Indonesia | C83: SEARO | D83: Upper middle income | E83: Key | F83: 22723077 | G83: 22662286 | H83: 22593889 | I83: 22526719 | J83: 22454742 | K83: 22377259 | L83: 22319509 | M83: 22253240 | N83: 22178426 | O83: 22095612 | P83: 22005651
A84: IRN | B84: Iran, Islamic Republic of | C84: EMRO | D84: Upper middle income | E84: 2 | F84: 6305471 | G84: 6259577 | H84: 6183193 | I84: 6084850 | J84: 5995756 | K84: 5938252 | L84: 5918223 | M84: 5907558 | N84: 5909098 | O84: 5918135 | P84: 5933502
A85: IRQ | B85: Iraq | C85: EMRO | D85: Upper middle income | E85: 2 | F85: 6055814 | G85: 6104403 | H85: 6160127 | I85: 6222806 | J85: 6284861 | K85: 6341499 | L85: 6398024 | M85: 6453152 | N85: 6505572 | O85: 6555277 | P85: 6602047
A86: IRL | B86: Ireland | C86: EURO | D86: High income | E86: 1 | F86: 270780 | G86: 269516 | H86: 270008 | I86: 271956 | J86: 274468 | K86: 276963 | L86: 280592 | M86: 283794 | N86: 286620 | O86: 289305 | P86: 291977
A87: ISR | B87: Israel | C87: EURO | D87: High income | E87: 1 | F87: 868688 | G87: 875999 | H87: 883214 | I87: 890487 | J87: 897994 | K87: 905916 | L87: 915564 | M87: 924816 | N87: 933808 | O87: 942668 | P87: 951485
A88: ITA | B88: Italy | C88: EURO | D88: High income | E88: 1 | F88: 2086943 | G88: 2093174 | H88: 2098487 | I88: 2103902 | J88: 2109523 | K88: 2115155 | L88: 2120999 | M88: 2127573 | N88: 2133862 | O88: 2138397 | P88: 2139648
A89: JAM | B89: Jamaica | C89: PAHO | D89: Upper middle income | E89: 1 | F89: 204422 | G89: 201563 | H89: 198635 | I89: 195707 | J89: 192788 | K89: 189950 | L89: 187744 | M89: 185293 | N89: 182702 | O89: 180129 | P89: 177736
A90: JPN | B90: Japan | C90: WPRO | D90: High income | E90: 4 | F90: 4241623 | G90: 4229643 | H90: 4220977 | I90: 4216369 | J90: 4211733 | K90: 4204607 | L90: 4203793 | M90: 4200505 | N90: 4194489 | O90: 4186301 | P90: 4175681
A91: JOR | B91: Jordan | C91: EMRO | D91: Upper middle income | E91: 2 | F91: 979061 | G91: 969344 | H91: 965916 | I91: 967984 | J91: 971365 | K91: 973222 | L91: 973907 | M91: 973015 | N91: 970408 | O91: 966782 | P91: 962349
A92: KAZ | B92: Kazakhstan | C92: EURO | D92: Upper middle income | E92: 2 | F92: 1612383 | G92: 1624686 | H92: 1634848 | I92: 1644603 | J92: 1657009 | K92: 1674761 | L92: 1703340 | M92: 1728830 | N92: 1752340 | O92: 1774066 | P92: 1794421
A93: KEN | B93: Kenya | C93: AFRO | D93: Lower middle income | E93: 3 | F93: 7952624 | G93: 8016045 | H93: 8087223 | I93: 8163174 | J93: 8231404 | K93: 8283585 | L93: 8332679 | M93: 8365275 | N93: 8384143 | O93: 8396587 | P93: 8407415
A94: KIR | B94: Kiribati | C94: WPRO | D94: Lower middle income | E94: 4 | F94: 15139 | G94: 15131 | H94: 15122 | I94: 15120 | J94: 15137 | K94: 15181 | L94: 15272 | M94: 15384 | N94: 15514 | O94: 15655 | P94: 15817
A95: KOR | B95: Korea, Republic of | C95: WPRO | D95: High income | E95: 1 | F95: 1707482 | G95: 1708181 | H95: 1713044 | I95: 1720661 | J95: 1723294 | K95: 1715968 | L95: 1709010 | M95: 1687034 | N95: 1655177 | O95: 1622776 | P95: 1595598
... A122: MAR | B122: Morocco | C122: EMRO | D122: Lower middle income | E122: 3 | F122: 3092999 | G122: 3071498 | H122: 3052992 | I122: 3038249 | J122: 3024841 | K122: 3011739 | L122: 3004225 | M122: 2996191 | N122: 2987658 | O122: 2979169 | P122: 2971241
A123: MOZ | B123: Mozambique | C123: AFRO | D123: Low income | E123: Key | F123: 6253327 | G123: 6354600 | H123: 6451611 | I123: 6545626 | J123: 6637630 | K123: 6728750 | L123: 6822169 | M123: 6912586 | N123: 7000175 | O123: 7084865 | P123: 7167035
A124: MMR | B124: Myanmar | C124: SEARO | D124: Lower middle income | E124: 4 | F124: 4445619 | G124: 4437939 | H124: 4423151 | I124: 4401512 | J124: 4375171 | K124: 4345561 | L124: 4316749 | M124: 4282472 | N124: 4244395 | O124: 4204563 | P124: 4164570
A125: NAM | B125: Namibia | C125: AFRO | D125: Upper middle income | E125: 3 | F125: 342899 | G125: 344451 | H125: 346027 | I125: 347674 | J125: 349389 | K125: 351226 | L125: 353753 | M125: 355879 | N125: 357744 | O125: 359533 | P125: 361418
A126: NRU | B126: Nauru | C126: WPRO | D126: High income | E126: 1 | F126: 0 | G126: 0 | H126: 0 | I126: 0 | J126: 0 | K126: 0 | L126: 0 | M126: 0 | N126: 0 | O126: 0 | P126: 0
A127: NPL | B127: Nepal | C127: SEARO | D127: Lower middle income | E127: 4 | F127: 2511596 | G127: 2442041 | H127: 2389269 | I127: 2348404 | J127: 2308494 | K127: 2262186 | L127: 2221123 | M127: 2174388 | N127: 2123591 | O127: 2074539 | P127: 2031602
A128: NLD | B128: Netherlands | C128: EURO | D128: High income | E128: 1 | F128: 880428 | G128: 875652 | H128: 873262 | I128: 872416 | J128: 871107 | K128: 867859 | L128: 864059 | M128: 859789 | N128: 854821 | O128: 849380 | P128: 843483
A129: NZL | B129: New Zealand | C129: WPRO | D129: High income | E129: 1 | F129: 301132 | G129: 300183 | H129: 299505 | I129: 299057 | J129: 298597 | K129: 297951 | L129: 297563 | M129: 297247 | N129: 296929 | O129: 296595 | P129: 296237
A130: NIC | B130: Nicaragua | C130: PAHO | D130: Lower middle income | E130: 2 | F130: 606533 | G130: 603950 | H130: 601001 | I130: 597768 | J130: 594500 | K130: 591406 | L130: 589070 | M130: 586398 | N130: 583519 | O130: 580511 | P130: 577443
A131: NER | B131: Niger | C131: AFRO | D131: Low income | E131: 3 | F131: 6442182 | G131: 6629653 | H131: 6811389 | I131: 6989858 | J131: 7167456 | K131: 7346990 | L131: 7534759 | M131: 7714622 | N131: 7889229 | O131: 8061598 | P131: 8234817
A132: NGA | B132: Nigeria | C132: AFRO | D132: Lower middle income | E132: Key | F132: 39848916 | G132: 40529359 | H132: 41158133 | I132: 41755526 | J132: 42342415 | K132: 42941310 | L132: 43587667 | M132: 44183079 | N132: 44743890 | O132: 45286476 | P132: 45828915
...

Sheet 3a. % MOV
A1: Title | B1: % of MOVs that are under 2 years of age
A2: Datasource | B2: Published articles & gray lit; experts
A4: ISO | B4: Country | C4: WHO | D4: WB Group (June 2020) | E4: MR MAP Group | F4: 2030 | G4: 2031 | H4: 2032 | I4: 2033 | J4: 2034 | K4: 2035 | L4: 2036 | M4: 2037 | N4: 2038 | O4: 2039 | P4: 2040
A5: AFG | B5: Afghanistan | C5: EMRO | D5: Low income | E5: Key | F5: 0.02 | G5: 0.02 | H5: 0.02 | I5: 0.02 | J5: 0.02 | K5: 0.02 | L5: 0.02 | M5: 0.02 | N5: 0.02 | O5: 0.02 | P5: 0.02
A6: ALB | B6: Albania | C6: EURO | D6: Upper middle income | E6: 1 | F6: 0.02 | G6: 0.02 | H6: 0.02 | I6: 0.02 | J6: 0.02 | K6: 0.02 | L6: 0.02 | M6: 0.02 | N6: 0.02 | O6: 0.02 | P6: 0.02
A7: DZA | B7: Algeria | C7: AFRO | D7: Lower middle income | E7: 2 | F7: 0.02 | G7: 0.02 | H7: 0.02 | I7: 0.02 | J7: 0.02 | K7: 0.02 | L7: 0.02 | M7: 0.02 | N7: 0.02 | O7: 0.02 | P7: 0.02
A8: AND | B8: Andorra | C8: EURO | D8: High income | E8: 1 | F8: 0.02 | G8: 0.02 | H8: 0.02 | I8: 0.02 | J8: 0.02 | K8: 0.02 | L8: 0.02 | M8: 0.02 | N8: 0.02 | O8: 0.02 | P8: 0.02
A9: AGO | B9: Angola | C9: AFRO | D9: Lower middle income | E9: 3 | F9: 0.02 | G9: 0.02 | H9: 0.02 | I9: 0.02 | J9: 0.02 | K9: 0.02 | L9: 0.02 | M9: 0.02 | N9: 0.02 | O9: 0.02 | P9: 0.02
A10: ATG | B10: Antigua And Barbuda | C10: PAHO | D10: High income | E10: 1 | F10: 0.02 | G10: 0.02 | H10: 0.02 | I10: 0.02 | J10: 0.02 | K10: 0.02 | L10: 0.02 | M10: 0.02 | N10: 0.02 | O10: 0.02 | P10: 0.02
A11: ARG | B11: Argentina | C11: PAHO | D11: Upper middle income | E11: 1 | F11: 0.02 | G11: 0.02 | H11: 0.02 | I11: 0.02 | J11: 0.02 | K11: 0.02 | L11: 0.02 | M11: 0.02 | N11: 0.02 | O11: 0.02 | P11: 0.02
A12: ARM | B12: Armenia | C12: EURO | D12: Upper middle income | E12: 1 | F12: 0.02 | G12: 0.02 | H12: 0.02 | I12: 0.02 | J12: 0.02 | K12: 0.02 | L12: 0.02 | M12: 0.02 | N12: 0.02 | O12: 0.02 | P12: 0.02
A13: AUS | B13: Australia | C13: WPRO | D13: High income | E13: 1 | F13: 0.02 | G13: 0.02 | H13: 0.02 | I13: 0.02 | J13: 0.02 | K13: 0.02 | L13: 0.02 | M13: 0.02 | N13: 0.02 | O13: 0.02 | P13: 0.02
A14: AUT | B14: Austria | C14: EURO | D14: High income | E14: 1 | F14: 0.02 | G14: 0.02 | H14: 0.02 | I14: 0.02 | J14: 0.02 | K14: 0.02 | L14: 0.02 | M14: 0.02 | N14: 0.02 | O14: 0.02 | P14: 0.02
A15: AZE | B15: Azerbaijan | C15: EURO | D15: Upper middle income | E15: 1 | F15: 0.02 | G15: 0.02 | H15: 0.02 | I15: 0.02 | J15: 0.02 | K15: 0.02 | L15: 0.02 | M15: 0.02 | N15: 0.02 | O15: 0.02 | P15: 0.02
A16: BHS | B16: Bahamas | C16: PAHO | D16: High income | E16: 1 | F16: 0.02 | G16: 0.02 | H16: 0.02 | I16: 0.02 | J16: 0.02 | K16: 0.02 | L16: 0.02 | M16: 0.02 | N16: 0.02 | O16: 0.02 | P16: 0.02
A17: BHR | B17: Bahrain | C17: EMRO | D17: High income | E17: 1 | F17: 0.02 | G17: 0.02 | H17: 0.02 | I17: 0.02 | J17: 0.02 | K17: 0.02 | L17: 0.02 | M17: 0.02 | N17: 0.02 | O17: 0.02 | P17: 0.02
A18: BGD | B18: Bangladesh | C18: SEARO | D18: Lower middle income | E18: Key | F18: 0.02 | G18: 0.02 | H18: 0.02 | I18: 0.02 | J18: 0.02 | K18: 0.02 | L18: 0.02 | M18: 0.02 | N18: 0.02 | O18: 0.02 | P18: 0.02
A19: BRB | B19: Barbados | C19: PAHO | D19: High income | E19: 1 | F19: 0.02 | G19: 0.02 | H19: 0.02 | I19: 0.02 | J19: 0.02 | K19: 0.02 | L19: 0.02 | M19: 0.02 | N19: 0.02 | O19: 0.02 | P19: 0.02
A20: BLR | B20: Belarus | C20: EURO | D20: Upper middle income | E20: 2 | F20: 0.02 | G20: 0.02 | H20: 0.02 | I20: 0.02 | J20: 0.02 | K20: 0.02 | L20: 0.02 | M20: 0.02 | N20: 0.02 | O20: 0.02 | P20: 0.02
A21: BEL | B21: Belgium | C21: EURO | D21: High income | E21: 1 | F21: 0.02 | G21: 0.02 | H21: 0.02 | I21: 0.02 | J21: 0.02 | K21: 0.02 | L21: 0.02 | M21: 0.02 | N21: 0.02 | O21: 0.02 | P21: 0.02
A22: BLZ | B22: Belize | C22: PAHO | D22: Upper middle income | E22: 1 | F22: 0.02 | G22: 0.02 | H22: 0.02 | I22: 0.02 | J22: 0.02 | K22: 0.02 | L22: 0.02 | M22: 0.02 | N22: 0.02 | O22: 0.02 | P22: 0.02
A23: BEN | B23: Benin | C23: AFRO | D23: Lower middle income | E23: 3 | F23: 0.02 | G23: 0.02 | H23: 0.02 | I23: 0.02 | J23: 0.02 | K23: 0.02 | L23: 0.02 | M23: 0.02 | N23: 0.02 | O23: 0.02 | P23: 0.02
A24: BTN | B24: Bhutan | C24: SEARO | D24: Lower middle income | E24: 2 | F24: 0.02 | G24: 0.02 | H24: 0.02 | I24: 0.02 | J24: 0.02 | K24: 0.02 | L24: 0.02 | M24: 0.02 | N24: 0.02 | O24: 0.02 | P24: 0.02
A25: BOL | B25: Bolivia | C25: PAHO | D25: Lower middle income | E25: 2 | F25: 0.02 | G25: 0.02 | H25: 0.02 | I25: 0.02 | J25: 0.02 | K25: 0.02 | L25: 0.02 | M25: 0.02 | N25: 0.02 | O25: 0.02 | P25: 0.02
A26: BIH | B26: Bosnia and Herzegovina | C26: EURO | D26: Upper middle income | E26: 1 | F26: 0.02 | G26: 0.02 | H26: 0.02 | I26: 0.02 | J26: 0.02 | K26: 0.02 | L26: 0.02 | M26: 0.02 | N26: 0.02 | O26: 0.02 | P26: 0.02
A27: BWA | B27: Botswana | C27: AFRO | D27: Upper middle income | E27: 2 | F27: 0.02 | G27: 0.02 | H27: 0.02 | I27: 0.02 | J27: 0.02 | K27: 0.02 | L27: 0.02 | M27: 0.02 | N27: 0.02 | O27: 0.02 | P27: 0.02
A28: BRA | B28: Brazil | C28: PAHO | D28: Upper middle income | E28: Key | F28: 0.02 | G28: 0.02 | H28: 0.02 | I28: 0.02 | J28: 0.02 | K28: 0.02 | L28: 0.02 | M28: 0.02 | N28: 0.02 | O28: 0.02 | P28: 0.02
A29: BRN | B29: Brunei Darussalam | C29: WPRO | D29: High income | E29: 1 | F29: 0.02 | G29: 0.02 | H29: 0.02 | I29: 0.02 | J29: 0.02 | K29: 0.02 | L29: 0.02 | M29: 0.02 | N29: 0.02 | O29: 0.02 | P29: 0.02
A30: BGR | B30: Bulgaria | C30: EURO | D30: Upper middle income | E30: 1 | F30: 0.02 | G30: 0.02 | H30: 0.02 | I30: 0.02 | J30: 0.02 | K30: 0.02 | L30: 0.02 | M30: 0.02 | N30: 0.02 | O30: 0.02 | P30: 0.02
A31: BFA | B31: Burkina Faso | C31: AFRO | D31: Low income | E31: 3 | F31: 0.02 | G31: 0.02 | H31: 0.02 | I31: 0.02 | J31: 0.02 | K31: 0.02 | L31: 0.02 | M31: 0.02 | N31: 0.02 | O31: 0.02 | P31: 0.02
A32: BDI | B32: Burundi | C32: AFRO | D32: Low income | E32: 3 | F32: 0.02 | G32: 0.02 | H32: 0.02 | I32: 0.02 | J32: 0.02 | K32: 0.02 | L32: 0.02 | M32: 0.02 | N32: 0.02 | O32: 0.02 | P32: 0.02
A33: KHM | B33: Cambodia | C33: WPRO | D33: Lower middle income | E33: 4 | F33: 0.02 | G33: 0.02 | H33: 0.02 | I33: 0.02 | J33: 0.02 | K33: 0.02 | L33: 0.02 | M33: 0.02 | N33: 0.02 | O33: 0.02 | P33: 0.02
A34: CMR | B34: Cameroon | C34: AFRO | D34: Lower middle income | E34: 3 | F34: 0.02 | G34: 0.02 | H34: 0.02 | I34: 0.02 | J34: 0.02 | K34: 0.02 | L34: 0.02 | M34: 0.02 | N34: 0.02 | O34: 0.02 | P34: 0.02
A35: CAN | B35: Canada | C35: PAHO | D35: High income | E35: 1 | F35: 0.02 | G35: 0.02 | H35: 0.02 | I35: 0.02 | J35: 0.02 | K35: 0.02 | L35: 0.02 | M35: 0.02 | N35: 0.02 | O35: 0.02 | P35: 0.02
A36: CPV | B36: Cape Verde | C36: AFRO | D36: Lower middle income | E36: 2 | F36: 0.02 | G36: 0.02 | H36: 0.02 | I36: 0.02 | J36: 0.02 | K36: 0.02 | L36: 0.02 | M36: 0.02 | N36: 0.02 | O36: 0.02 | P36: 0.02
A37: CAF | B37: Central African Republic | C37: AFRO | D37: Low income | E37: 3 | F37: 0.02 | G37: 0.02 | H37: 0.02 | I37: 0.02 | J37: 0.02 | K37: 0.02 | L37: 0.02 | M37: 0.02 | N37: 0.02 | O37: 0.02 | P37: 0.02
A38: TCD | B38: Chad | C38: AFRO | D38: Low income | E38: Key | F38: 0.02 | G38: 0.02 | H38: 0.02 | I38: 0.02 | J38: 0.02 | K38: 0.02 | L38: 0.02 | M38: 0.02 | N38: 0.02 | O38: 0.02 | P38: 0.02
A39: CHL | B39: Chile | C39: PAHO | D39: High income | E39: 2 | F39: 0.02 | G39: 0.02 | H39: 0.02 | I39: 0.02 | J39: 0.02 | K39: 0.02 | L39: 0.02 | M39: 0.02 | N39: 0.02 | O39: 0.02 | P39: 0.02
A40: CHN | B40: China | C40: WPRO | D40: Upper middle income | E40: 1 | F40: 0.02 | G40: 0.02 | H40: 0.02 | I40: 0.02 | J40: 0.02 | K40: 0.02 | L40: 0.02 | M40: 0.02 | N40: 0.02 | O40: 0.02 | P40: 0.02
A41: COL | B41: Colombia | C41: PAHO | D41: Upper middle income | E41: 2 | F41: 0.02 | G41: 0.02 | H41: 0.02 | I41: 0.02 | J41: 0.02 | K41: 0.02 | L41: 0.02 | M41: 0.02 | N41: 0.02 | O41: 0.02 | P41: 0.02
A42: COM | B42: Comoros | C42: AFRO | D42: Lower middle income | E42: 3 | F42: 0.02 | G42: 0.02 | H42: 0.02 | I42: 0.02 | J42: 0.02 | K42: 0.02 | L42: 0.02 | M42: 0.02 | N42: 0.02 | O42: 0.02 | P42: 0.02
A43: COG | B43: Congo | C43: AFRO | D43: Lower middle income | E43: 3 | F43: 0.02 | G43: 0.02 | H43: 0.02 | I43: 0.02 | J43: 0.02 | K43: 0.02 | L43: 0.02 | M43: 0.02 | N43: 0.02 | O43: 0.02 | P43: 0.02
A44: COK | B44: Cook Islands | C44: WPRO | D44: #N/A | E44: 1 | F44: 0.02 | G44: 0.02 | H44: 0.02 | I44: 0.02 | J44: 0.02 | K44: 0.02 | L44: 0.02 | M44: 0.02 | N44: 0.02 | O44: 0.02 | P44: 0.02
A45: CRI | B45: Costa Rica | C45: PAHO | D45: Upper middle income | E45: 2 | F45: 0.02 | G45: 0.02 | H45: 0.02 | I45: 0.02 | J45: 0.02 | K45: 0.02 | L45: 0.02 | M45: 0.02 | N45: 0.02 | O45: 0.02 | P45: 0.02
A46: CIV | B46: Côte d'Ivoire | C46: AFRO | D46: Lower middle income | E46: 3 | F46: 0.02 | G46: 0.02 | H46: 0.02 | I46: 0.02 | J46: 0.02 | K46: 0.02 | L46: 0.02 | M46: 0.02 | N46: 0.02 | O46: 0.02 | P46: 0.02
A47: HRV | B47: Croatia | C47: EURO | D47: High income | E47: 1 | F47: 0.02 | G47: 0.02 | H47: 0.02 | I47: 0.02 | J47: 0.02 | K47: 0.02 | L47: 0.02 | M47: 0.02 | N47: 0.02 | O47: 0.02 | P47: 0.02
A48: CUB | B48: Cuba | C48: PAHO | D48: Upper middle income | E48: 1 | F48: 0.02 | G48: 0.02 | H48: 0.02 | I48: 0.02 | J48: 0.02 | K48: 0.02 | L48: 0.02 | M48: 0.02 | N48: 0.02 | O48: 0.02 | P48: 0.02
A49: CYP | B49: Cyprus | C49: EURO | D49: High income | E49: 1 | F49: 0.02 | G49: 0.02 | H49: 0.02 | I49: 0.02 | J49: 0.02 | K49: 0.02 | L49: 0.02 | M49: 0.02 | N49: 0.02 | O49: 0.02 | P49: 0.02
A50: CZE | B50: Czech Republic | C50: EURO | D50: High income | E50: 1 | F50: 0.02 | G50: 0.02 | H50: 0.02 | I50: 0.02 | J50: 0.02 | K50: 0.02 | L50: 0.02 | M50: 0.02 | N50: 0.02 | O50: 0.02 | P50: 0.02
A51: PRK | B51: Democratic Peoples Republic of Korea | C51: SEARO | D51: Low income | E51: 4 | F51: 0.02 | G51: 0.02 | H51: 0.02 | I51: 0.02 | J51: 0.02 | K51: 0.02 | L51: 0.02 | M51: 0.02 | N51: 0.02 | O51: 0.02 | P51: 0.02
A52: COD | B52: Democratic Republic of the Congo | C52: AFRO | D52: Low income | E52: Key | F52: 0.02 | G52: 0.02 | H52: 0.02 | I52: 0.02 | J52: 0.02 | K52: 0.02 | L52: 0.02 | M52: 0.02 | N52: 0.02 | O52: 0.02 | P52: 0.02
A53: DNK | B53: Denmark | C53: EURO | D53: High income | E53: 1 | F53: 0.02 | G53: 0.02 | H53: 0.02 | I53: 0.02 | J53: 0.02 | K53: 0.02 | L53: 0.02 | M53: 0.02 | N53: 0.02 | O53: 0.02 | P53: 0.02
A54: DJI | B54: Djibouti | C54: EMRO | D54: Lower middle income | E54: 3 | F54: 0.02 | G54: 0.02 | H54: 0.02 | I54: 0.02 | J54: 0.02 | K54: 0.02 | L54: 0.02 | M54: 0.02 | N54: 0.02 | O54: 0.02 | P54: 0.02
A55: DOM | B55: Dominica | C55: PAHO | D55: Upper middle income | E55: 2 | F55: 0.02 | G55: 0.02 | H55: 0.02 | I55: 0.02 | J55: 0.02 | K55: 0.02 | L55: 0.02 | M55: 0.02 | N55: 0.02 | O55: 0.02 | P55: 0.02
A56: DOM | B56: Dominican Republic | C56: PAHO | D56: Upper middle income | E56: 2 | F56: 0.02 | G56: 0.02 | H56: 0.02 | I56: 0.02 | J56: 0.02 | K56: 0.02 | L56: 0.02 | M56: 0.02 | N56: 0.02 | O56: 0.02 | P56: 0.02
A57: ECU | B57: Ecuador | C57: PAHO | D57: Upper middle income | E57: 2 | F57: 0.02 | G57: 0.02 | H57: 0.02 | I57: 0.02 | J57: 0.02 | K57: 0.02 | L57: 0.02 | M57: 0.02 | N57: 0.02 | O57: 0.02 | P57: 0.02
A58: EGY | B58: Egypt | C58: EMRO | D58: Lower middle income | E58: 2 | F58: 0.02 | G58: 0.02 | H58: 0.02 | I58: 0.02 | J58: 0.02 | K58: 0.02 | L58: 0.02 | M58: 0.02 | N58: 0.02 | O58: 0.02 | P58: 0.02
A59: SLV | B59: El Salvador | C59: PAHO | D59: Lower middle income | E59: 1 | F59: 0.02 | G59: 0.02 | H59: 0.02 | I59: 0.02 | J59: 0.02 | K59: 0.02 | L59: 0.02 | M59: 0.02 | N59: 0.02 | O59: 0.02 | P59: 0.02
A60: GNQ | B60: Equatorial Guinea | C60: AFRO | D60: Upper middle income | E60: 3 | F60: 0.02 | G60: 0.02 | H60: 0.02 | I60: 0.02 | J60: 0.02 | K60: 0.02 | L60: 0.02 | M60: 0.02 | N60: 0.02 | O60: 0.02 | P60: 0.02
A61: ERI | B61: Eritrea | C61: AFRO | D61: Low income | E61: 3 | F61: 0.02 | G61: 0.02 | H61: 0.02 | I61: 0.02 | J61: 0.02 | K61: 0.02 | L61: 0.02 | M61: 0.02 | N61: 0.02 | O61: 0.02 | P61: 0.02
A62: EST | B62: Estonia | C62: EURO | D62: High income | E62: 1 | F62: 0.02 | G62: 0.02 | H62: 0.02 | I62: 0.02 | J62: 0.02 | K62: 0.02 | L62: 0.02 | M62: 0.02 | N62: 0.02 | O62: 0.02 | P62: 0.02
A63: ETH | B63: Ethiopia | C63: AFRO | D63: Low income | E63: Key | F63: 0.02 | G63: 0.02 | H63: 0.02 | I63: 0.02 | J63: 0.02 | K63: 0.02 | L63: 0.02 | M63: 0.02 | N63: 0.02 | O63: 0.02 | P63: 0.02
A64: FJI | B64: Fiji | C64: WPRO | D64: Upper middle income | E64: 4 | F64: 0.02 | G64: 0.02 | H64: 0.02 | I64: 0.02 | J64: 0.02 | K64: 0.02 | L64: 0.02 | M64: 0.02 | N64: 0.02 | O64: 0.02 | P64: 0.02
A65: FIN | B65: Finland | C65: EURO | D65: High income | E65: 1 | F65: 0.02 | G65: 0.02 | H65: 0.02 | I65: 0.02 | J65: 0.02 | K65: 0.02 | L65: 0.02 | M65: 0.02 | N65: 0.02 | O65: 0.02 | P65: 0.02
A66: FRA | B66: France | C66: EURO | D66: High income | E66: 1 | F66: 0.02 | G66: 0.02 | H66: 0.02 | I66: 0.02 | J66: 0.02 | K66: 0.02 | L66: 0.02 | M66: 0.02 | N66: 0.02 | O66: 0.02 | P66: 0.02
A67: GAB | B67: Gabon | C67: AFRO | D67: Upper middle income | E67: 3 | F67: 0.02 | G67: 0.02 | H67: 0.02 | I67: 0.02 | J67: 0.02 | K67: 0.02 | L67: 0.02 | M67: 0.02 | N67: 0.02 | O67: 0.02 | P67: 0.02
A68: GMB | B68: Gambia | C68: AFRO | D68: Low income | E68: 3 | F68: 0.02 | G68: 0.02 | H68: 0.02 | I68: 0.02 | J68: 0.02 | K68: 0.02 | L68: 0.02 | M68: 0.02 | N68: 0.02 | O68: 0.02 | P68: 0.02
A69: GEO | B69: Georgia | C69: EURO | D69: Upper middle income | E69: 1 | F69: 0.02 | G69: 0.02 | H69: 0.02 | I69: 0.02 | J69: 0.02 | K69: 0.02 | L69: 0.02 | M69: 0.02 | N69: 0.02 | O69: 0.02 | P69: 0.02
A70: DEU | B70: Germany | C70: EURO | D70: High income | E70: 1 | F70: 0.02 | G70: 0.02 | H70: 0.02 | I70: 0.02 | J70: 0.02 | K70: 0.02 | L70: 0.02 | M70: 0.02 | N70: 0.02 | O70: 0.02 | P70: 0.02
A71: GHA | B71: Ghana | C71: AFRO | D71: Lower middle income | E71: 3 | F71: 0.02 | G71: 0.02 | H71: 0.02 | I71: 0.02 | J71: 0.02 | K71: 0.02 | L71: 0.02 | M71: 0.02 | N71: 0.02 | O71: 0.02 | P71: 0.02
A72: GRC | B72: Greece | C72: EURO | D72: High income | E72: 1 | F72: 0.02 | G72: 0.02 | H72: 0.02 | I72: 0.02 | J72: 0.02 | K72: 0.02 | L72: 0.02 | M72: 0.02 | N72: 0.02 | O72: 0.02 | P72: 0.02
A73: GRD | B73: Grenada | C73: PAHO | D73: Upper middle income | E73: 1 | F73: 0.02 | G73: 0.02 | H73: 0.02 | I73: 0.02 | J73: 0.02 | K73: 0.02 | L73: 0.02 | M73: 0.02 | N73: 0.02 | O73: 0.02 | P73: 0.02
A74: GTM | B74: Guatemala | C74: PAHO | D74: Upper middle income | E74: 1 | F74: 0.02 | G74: 0.02 | H74: 0.02 | I74: 0.02 | J74: 0.02 | K74: 0.02 | L74: 0.02 | M74: 0.02 | N74: 0.02 | O74: 0.02 | P74: 0.02
A75: GIN | B75: Guinea | C75: AFRO | D75: Low income | E75: 3 | F75: 0.02 | G75: 0.02 | H75: 0.02 | I75: 0.02 | J75: 0.02 | K75: 0.02 | L75: 0.02 | M75: 0.02 | N75: 0.02 | O75: 0.02 | P75: 0.02
... A81: ISL | B81: Iceland | C81: EURO | D81: High income | E81: 1 | F81: 0.02 | G81: 0.02 | H81: 0.02 | I81: 0.02 | J81: 0.02 | K81: 0.02 | L81: 0.02 | M81: 0.02 | N81: 0.02 | O81: 0.02 | P81: 0.02
A82: IND | B82: India | C82: SEARO | D82: Lower middle income | E82: Key | F82: 0.02 | G82: 0.02 | H82: 0.02 | I82: 0.02 | J82: 0.02 | K82: 0.02 | L82: 0.02 | M82: 0.02 | N82: 0.02 | O82: 0.02 | P82: 0.02
A83: IDN | B83: Indonesia | C83: SEARO | D83: Upper middle income | E83: Key | F83: 0.02 | G83: 0.02 | H83: 0.02 | I83: 0.02 | J83: 0.02 | K83: 0.02 | L83: 0.02 | M83: 0.02 | N83: 0.02 | O83: 0.02 | P83: 0.02
A84: IRN | B84: Iran, Islamic Republic of | C84: EMRO | D84: Upper middle income | E84: 2 | F84: 0.02 | G84: 0.02 | H84: 0.02 | I84: 0.02 | J84: 0.02 | K84: 0.02 | L84: 0.02 | M84: 0.02 | N84: 0.02 | O84: 0.02 | P84: 0.02
A85: IRQ | B85: Iraq | C85: EMRO | D85: Upper middle income | E85: 2 | F85: 0.02 | G85: 0.02 | H85: 0.02 | I85: 0.02 | J85: 0.02 | K85: 0.02 | L85: 0.02 | M85: 0.02 | N85: 0.02 | O85: 0.02 | P85: 0.02
A86: IRL | B86: Ireland | C86: EURO | D86: High income | E86: 1 | F86: 0.02 | G86: 0.02 | H86: 0.02 | I86: 0.02 | J86: 0.02 | K86: 0.02 | L86: 0.02 | M86: 0.02 | N86: 0.02 | O86: 0.02 | P86: 0.02
A87: ISR | B87: Israel | C87: EURO | D87: High income | E87: 1 | F87: 0.02 | G87: 0.02 | H87: 0.02 | I87: 0.02 | J87: 0.02 | K87: 0.02 | L87: 0.02 | M87: 0.02 | N87: 0.02 | O87: 0.02 | P87: 0.02
A88: ITA | B88: Italy | C88: EURO | D88: High income | E88: 1 | F88: 0.02 | G88: 0.02 | H88: 0.02 | I88: 0.02 | J88: 0.02 | K88: 0.02 | L88: 0.02 | M88: 0.02 | N88: 0.02 | O88: 0.02 | P88: 0.02
A89: JAM | B89: Jamaica | C89: PAHO | D89: Upper middle income | E89: 1 | F89: 0.02 | G89: 0.02 | H89: 0.02 | I89: 0.02 | J89: 0.02 | K89: 0.02 | L89: 0.02 | M89: 0.02 | N89: 0.02 | O89: 0.02 | P89: 0.02
A90: JPN | B90: Japan | C90: WPRO | D90: High income | E90: 4 | F90: 0.02 | G90: 0.02 | H90: 0.02 | I90: 0.02 | J90: 0.02 | K90: 0.02 | L90: 0.02 | M90: 0.02 | N90: 0.02 | O90: 0.02 | P90: 0.02
A91: JOR | B91: Jordan | C91: EMRO | D91: Upper middle income | E91: 2 | F91: 0.02 | G91: 0.02 | H91: 0.02 | I91: 0.02 | J91: 0.02 | K91: 0.02 | L91: 0.02 | M91: 0.02 | N91: 0.02 | O91: 0.02 | P91: 0.02
A92: KAZ | B92: Kazakhstan | C92: EURO | D92: Upper middle income | E92: 2 | F92: 0.02 | G92: 0.02 | H92: 0.02 | I92: 0.02 | J92: 0.02 | K92: 0.02 | L92: 0.02 | M92: 0.02 | N92: 0.02 | O92: 0.02 | P92: 0.02
A93: KEN | B93: Kenya | C93: AFRO | D93: Lower middle income | E93: 3 | F93: 0.02 | G93: 0.02 | H93: 0.02 | I93: 0.02 | J93: 0.02 | K93: 0.02 | L93: 0.02 | M93: 0.02 | N93: 0.02 | O93: 0.02 | P93: 0.02
A94: KIR | B94: Kiribati | C94: WPRO | D94: Lower middle income | E94: 4 | F94: 0.02 | G94: 0.02 | H94: 0.02 | I94: 0.02 | J94: 0.02 | K94: 0.02 | L94: 0.02 | M94: 0.02 | N94: 0.02 | O94: 0.02 | P94: 0.02
A95: KOR | B95: Korea, Republic of | C95: WPRO | D95: High income | E95: 1 | F95: 0.02 | G95: 0.02 | H95: 0.02 | I95: 0.02 | J95: 0.02 | K95: 0.02 | L95: 0.02 | M95: 0.02 | N95: 0.02 | O95: 0.02 | P95: 0.02
... A122: MAR | B122: Morocco | C122: EMRO | D122: Lower middle income | E122: 3 | F122: 0.02 | G122: 0.02 | H122: 0.02 | I122: 0.02 | J122: 0.02 | K122: 0.02 | L122: 0.02 | M122: 0.02 | N122: 0.02 | O122: 0.02 | P122: 0.02
A123: MOZ | B123: Mozambique | C123: AFRO | D123: Low income | E123: Key | F123: 0.02 | G123: 0.02 | H123: 0.02 | I123: 0.02 | J123: 0.02 | K123: 0.02 | L123: 0.02 | M123: 0.02 | N123: 0.02 | O123: 0.02 | P123: 0.02
A124: MMR | B124: Myanmar | C124: SEARO | D124: Lower middle income | E124: 4 | F124: 0.02 | G124: 0.02 | H124: 0.02 | I124: 0.02 | J124: 0.02 | K124: 0.02 | L124: 0.02 | M124: 0.02 | N124: 0.02 | O124: 0.02 | P124: 0.02
A125: NAM | B125: Namibia | C125: AFRO | D125: Upper middle income | E125: 3 | F125: 0.02 | G125: 0.02 | H125: 0.02 | I125: 0.02 | J125: 0.02 | K125: 0.02 | L125: 0.02 | M125: 0.02 | N125: 0.02 | O125: 0.02 | P125: 0.02
A126: NRU | B126: Nauru | C126: WPRO | D126: High income | E126: 1 | F126: 0.02 | G126: 0.02 | H126: 0.02 | I126: 0.02 | J126: 0.02 | K126: 0.02 | L126: 0.02 | M126: 0.02 | N126: 0.02 | O126: 0.02 | P126: 0.02
A127: NPL | B127: Nepal | C127: SEARO | D127: Lower middle income | E127: 4 | F127: 0.02 | G127: 0.02 | H127: 0.02 | I127: 0.02 | J127: 0.02 | K127: 0.02 | L127: 0.02 | M127: 0.02 | N127: 0.02 | O127: 0.02 | P127: 0.02
A128: NLD | B128: Netherlands | C128: EURO | D128: High income | E128: 1 | F128: 0.02 | G128: 0.02 | H128: 0.02 | I128: 0.02 | J128: 0.02 | K128: 0.02 | L128: 0.02 | M128: 0.02 | N128: 0.02 | O128: 0.02 | P128: 0.02
A129: NZL | B129: New Zealand | C129: WPRO | D129: High income | E129: 1 | F129: 0.02 | G129: 0.02 | H129: 0.02 | I129: 0.02 | J129: 0.02 | K129: 0.02 | L129: 0.02 | M129: 0.02 | N129: 0.02 | O129: 0.02 | P129: 0.02
A130: NIC | B130: Nicaragua | C130: PAHO | D130: Lower middle income | E130: 2 | F130: 0.02 | G130: 0.02 | H130: 0.02 | I130: 0.02 | J130: 0.02 | K130: 0.02 | L130: 0.02 | M130: 0.02 | N130: 0.02 | O130: 0.02 | P130: 0.02
A131: NER | B131: Niger | C131: AFRO | D131: Low income | E131: 3 | F131: 0.02 | G131: 0.02 | H131: 0.02 | I131: 0.02 | J131: 0.02 | K131: 0.02 | L131: 0.02 | M131: 0.02 | N131: 0.02 | O131: 0.02 | P131: 0.02
A132: NGA | B132: Nigeria | C132: AFRO | D132: Lower middle income | E132: Key | F132: 0.02 | G132: 0.02 | H132: 0.02 | I132: 0.02 | J132: 0.02 | K132: 0.02 | L132: 0.02 | M132: 0.02 | N132: 0.02 | O132: 0.02 | P132: 0.02
...

Sheet 3b. Sec comp pop
A1: Title | B1: Security compromised population
A2: Datasource | B2: UNHCR
A4: ISO | B4: Country | C4: WHO | D4: WB Group (June 2020) | E4: MR MAP Group | F4: 2019 | G4: =F4+1 -> 2020 | H4: =G4+1 -> 2021 | I4: =H4+1 -> 2022 | J4: =I4+1 -> 2023 | K4: =J4+1 -> 2024 | L4: =K4+1 -> 2025 | M4: =L4+1 -> 2026 | N4: =M4+1 -> 2027 | ... AA4: =Z4+1 -> 2040
A5: AFG | B5: Afghanistan | C5: EMRO | D5: Low income | E5: =VLOOKUP(A5,'2a. SI Pop'!$A$5:$E$198,5,FALSE) -> Key | F5: 3072957 | G5: =F5 -> 3072957 | H5: =G5 -> 3072957 | I5: =H5 -> 3072957 | J5: =I5 -> 3072957 | K5: =J5 -> 3072957 | L5: =K5 -> 3072957 | M5: =L5 -> 3072957 | N5: =M5 -> 3072957 | ... AA5: =Z5 -> 3072957
A6: ALB | B6: Albania | C6: EURO | D6: Upper middle income | E6: =VLOOKUP(A6,'2a. SI Pop'!$A$5:$E$198,5,FALSE) -> 1 | F6: 3965 | G6: =F6 -> 3965 | H6: =G6 -> 3965 | I6: =H6 -> 3965 | J6: =I6 -> 3965 | K6: =J6 -> 3965 | L6: =K6 -> 3965 | M6: =L6 -> 3965 | N6: =M6 -> 3965 | ... AA6: =Z6 -> 3965
A7: DZA | B7: Algeria | C7: AFRO | D7: Lower middle income | E7: =VLOOKUP(A7,'2a. SI Pop'!$A$5:$E$198,5,FALSE) -> 2 | F7: 100248 | G7: =F7 -> 100248 | H7: =G7 -> 100248 | I7: =H7 -> 100248 | J7: =I7 -> 100248 | K7: =J7 -> 100248 | L7: =K7 -> 100248 | M7: =L7 -> 100248 | N7: =M7 -> 100248 | ... AA7: =Z7 -> 100248
A8: AND | B8: Andorra | C8: EURO | D8: High income | E8: =VLOOKUP(A8,'2a. SI Pop'!$A$5:$E$198,5,FALSE) -> 1 | F8: 0 | G8: =F8 -> 0 | H8: =G8 -> 0 | I8: =H8 -> 0 | J8: =I8 -> 0 | K8: =J8 -> 0 | L8: =K8 -> 0 | M8: =L8 -> 0 | N8: =M8 -> 0 | ... AA8: =Z8 -> 0
A9: AGO | B9: Angola | C9: AFRO | D9: Lower middle income | E9: =VLOOKUP(A9,'2a. SI Pop'!$A$5:$E$198,5,FALSE) -> 3 | F9: 56031 | G9: =F9 -> 56031 | H9: =G9 -> 56031 | I9: =H9 -> 56031 | J9: =I9 -> 56031 | K9: =J9 -> 56031 | L9: =K9 -> 56031 | M9: =L9 -> 56031 | N9: =M9 -> 56031 | ... AA9: =Z9 -> 56031
